"fecha","precio_ajustado"
2013-01-02,2.35733294487
2013-01-03,2.31800007820129
2013-01-04,2.29333305358887
2013-01-07,2.28933310508728
2013-01-08,2.24533295631409
2013-01-09,2.24266695976257
2013-01-10,2.23533296585083
2013-01-11,2.19400000572205
2013-01-14,2.2173330783844
2013-01-15,2.25999999046326
2013-01-16,2.27333307266235
2013-01-17,2.29200005531311
2013-01-18,2.30133295059204
2013-01-22,2.34599995613098
2013-01-23,2.40000009536743
2013-01-24,2.46600008010864
2013-01-25,2.46533298492432
2013-01-28,2.53533291816711
2013-01-29,2.52999997138977
2013-01-30,2.50133299827576
2013-01-31,2.50066709518433
2013-02-01,2.55333304405212
2013-02-04,2.51600003242493
2013-02-05,2.54200005531311
2013-02-06,2.61133289337158
2013-02-07,2.63199996948242
2013-02-08,2.6159999370575
2013-02-11,2.5613329410553
2013-02-12,2.52600002288818
2013-02-13,2.56333303451538
2013-02-14,2.55133295059204
2013-02-15,2.4693329334259
2013-02-19,2.61866688728333
2013-02-20,2.56933307647705
2013-02-21,2.34400010108948
2013-02-22,2.40733289718628
2013-02-25,2.29200005531311
2013-02-26,2.29533290863037
2013-02-27,2.33999991416931
2013-02-28,2.32200002670288
2013-03-01,2.30999994277954
2013-03-04,2.37199997901917
2013-03-05,2.44333291053772
2013-03-06,2.51266694068909
2013-03-07,2.54866695404053
2013-03-08,2.56466698646545
2013-03-11,2.60666704177856
2013-03-12,2.60800004005432
2013-03-13,2.59866690635681
2013-03-14,2.45666694641113
2013-03-15,2.35266709327698
2013-03-18,2.34333300590515
2013-03-19,2.33866691589355
2013-03-20,2.39666700363159
2013-03-21,2.40066695213318
2013-03-22,2.44133305549622
2013-03-25,2.50200009346008
2013-03-26,2.5239999294281
2013-03-27,2.54399991035461
2013-03-28,2.52600002288818
2013-04-01,2.92866706848145
2013-04-02,2.95600008964539
2013-04-03,2.74000000953674
2013-04-04,2.80066704750061
2013-04-05,2.75799989700317
2013-04-08,2.78866696357727
2013-04-09,2.70000004768372
2013-04-10,2.79066705703735
2013-04-11,2.90599989891052
2013-04-12,2.91666698455811
2013-04-15,2.88666701316833
2013-04-16,3.03933310508728
2013-04-17,3.02999997138977
2013-04-18,3.13133311271667
2013-04-19,3.1886670589447
2013-04-22,3.34599995613098
2013-04-23,3.40066695213318
2013-04-24,3.36199998855591
2013-04-25,3.46666693687439
2013-04-26,3.41333293914795
2013-04-29,3.66266703605652
2013-04-30,3.59933304786682
2013-05-01,3.55200004577637
2013-05-02,3.60733294487
2013-05-03,3.63666701316833
2013-05-06,3.96666693687439
2013-05-07,3.70066690444946
2013-05-08,3.7193329334259
2013-05-09,4.62666702270508
2013-05-10,5.11733293533325
2013-05-13,5.85333299636841
2013-05-14,5.54933309555054
2013-05-15,5.6560001373291
2013-05-16,6.15000009536743
2013-05-17,6.09999990463257
2013-05-20,5.99599981307983
2013-05-21,5.83933305740356
2013-05-22,5.81599998474121
2013-05-23,6.18200016021729
2013-05-24,6.47200012207031
2013-05-28,7.35533285140991
2013-05-29,6.97533321380615
2013-05-30,6.99666690826416
2013-05-31,6.51733303070068
2013-06-03,6.17266702651978
2013-06-04,6.32266712188721
2013-06-05,6.35799980163574
2013-06-06,6.48999977111816
2013-06-07,6.80266714096069
2013-06-10,6.67000007629395
2013-06-11,6.2979998588562
2013-06-12,6.51533317565918
2013-06-13,6.54533290863037
2013-06-14,6.68666696548462
2013-06-17,6.81333303451538
2013-06-18,6.89266681671143
2013-06-19,6.97866678237915
2013-06-20,6.71000003814697
2013-06-21,6.63666677474976
2013-06-24,6.76599979400635
2013-06-25,6.82666683197021
2013-06-26,7.0479998588562
2013-06-27,7.28333282470703
2013-06-28,7.15733289718628
2013-07-01,7.81199979782104
2013-07-02,7.85466718673706
2013-07-03,7.68266677856445
2013-07-05,8.00599956512451
2013-07-08,8.10733318328857
2013-07-09,8.22999954223633
2013-07-10,8.15133285522461
2013-07-11,8.37399959564209
2013-07-12,8.65999984741211
2013-07-15,8.48400020599365
2013-07-16,7.26999998092651
2013-07-17,8.01666736602783
2013-07-18,7.93533277511597
2013-07-19,7.97866678237915
2013-07-22,8.16199970245361
2013-07-23,8.18266677856445
2013-07-24,8.11333274841309
2013-07-25,8.27133274078369
2013-07-26,8.62600040435791
2013-07-29,8.97466659545898
2013-07-30,8.78266716003418
2013-07-31,8.95199966430664
2013-08-01,9.03666687011719
2013-08-02,9.19999980926514
2013-08-05,9.6453332901001
2013-08-06,9.4766674041748
2013-08-07,8.9486665725708
2013-08-08,10.2320003509521
2013-08-09,10.1999998092651
2013-08-12,9.82533264160156
2013-08-13,9.69533252716064
2013-08-14,9.2906665802002
2013-08-15,9.31133270263672
2013-08-16,9.46666717529297
2013-08-19,9.65999984741211
2013-08-20,9.97200012207031
2013-08-21,9.85733318328857
2013-08-22,10.4733333587646
2013-08-23,10.7893333435059
2013-08-26,10.9479999542236
2013-08-27,11.1339998245239
2013-08-28,11.0966672897339
2013-08-29,11.0706672668457
2013-08-30,11.2666673660278
2013-09-03,11.2626667022705
2013-09-04,11.3746671676636
2013-09-05,11.3286666870117
2013-09-06,11.1313333511353
2013-09-09,10.7133331298828
2013-09-10,11.0913333892822
2013-09-11,10.9013328552246
2013-09-12,10.9953327178955
2013-09-13,11.03600025177
2013-09-16,11.1053333282471
2013-09-17,11.0819997787476
2013-09-18,11.0813331604004
2013-09-19,11.8613328933716
2013-09-20,12.2259998321533
2013-09-23,12.0740003585815
2013-09-24,12.1553325653076
2013-09-25,12.3493328094482
2013-09-26,12.576000213623
2013-09-27,12.7266674041748
2013-09-30,12.8913326263428
2013-10-01,12.8666667938232
2013-10-02,12.0633325576782
2013-10-03,11.5539999008179
2013-10-04,12.065333366394
2013-10-07,12.2046670913696
2013-10-08,11.6486673355103
2013-10-09,11.2519998550415
2013-10-10,11.5286674499512
2013-10-11,11.9133329391479
2013-10-14,11.9813327789307
2013-10-15,12.2626667022705
2013-10-16,12.2373332977295
2013-10-17,12.1866674423218
2013-10-18,12.2266674041748
2013-10-21,11.506667137146
2013-10-22,11.4359998703003
2013-10-23,10.966667175293
2013-10-24,11.5433330535889
2013-10-25,11.3106670379639
2013-10-28,10.8573331832886
2013-10-29,10.9646673202515
2013-10-30,10.6146669387817
2013-10-31,10.6626672744751
2013-11-01,10.8113327026367
2013-11-04,11.6800003051758
2013-11-05,11.78733253479
2013-11-06,10.0773334503174
2013-11-07,9.31799983978271
2013-11-08,9.1966667175293
2013-11-11,9.64666652679443
2013-11-12,9.18666744232178
2013-11-13,9.24666690826416
2013-11-14,9.17333316802979
2013-11-15,9.02999973297119
2013-11-18,8.10533332824707
2013-11-19,8.4060001373291
2013-11-20,8.07400035858154
2013-11-21,8.14000034332275
2013-11-22,8.09200000762939
2013-11-25,8.05599975585938
2013-11-26,8.03333282470703
2013-11-27,8.46266746520996
2013-11-29,8.48533344268799
2013-12-02,8.27799987792969
2013-12-03,9.64666652679443
2013-12-04,9.26333332061768
2013-12-05,9.36533260345459
2013-12-06,9.15733337402344
2013-12-09,9.4399995803833
2013-12-10,9.47933292388916
2013-12-11,9.3100004196167
2013-12-12,9.83133316040039
2013-12-13,9.84333324432373
2013-12-16,9.86266708374023
2013-12-17,10.1639995574951
2013-12-18,9.86533260345459
2013-12-19,9.38133335113525
2013-12-20,9.54933261871338
2013-12-23,9.56999969482422
2013-12-24,10.0939998626709
2013-12-26,10.3666667938232
2013-12-27,10.0746669769287
2013-12-30,10.1626672744751
2013-12-31,10.0286674499512
2014-01-02,10.006667137146
2014-01-03,9.97066688537598
2014-01-06,9.80000019073486
2014-01-07,9.95733261108398
2014-01-08,10.0853328704834
2014-01-09,9.8353328704834
2014-01-10,9.71466732025146
2014-01-13,9.28933334350586
2014-01-14,10.7513332366943
2014-01-15,10.9420003890991
2014-01-16,11.3979997634888
2014-01-17,11.3339996337891
2014-01-21,11.7786674499512
2014-01-22,11.9040002822876
2014-01-23,12.1000003814697
2014-01-24,11.6400003433228
2014-01-27,11.3079996109009
2014-01-28,11.8920001983643
2014-01-29,11.6820001602173
2014-01-30,12.1893329620361
2014-01-31,12.0939998626709
2014-02-03,11.8073329925537
2014-02-04,11.9153327941895
2014-02-05,11.6280002593994
2014-02-06,11.8920001983643
2014-02-07,12.4353332519531
2014-02-10,13.1040000915527
2014-02-11,13.1079998016357
2014-02-12,13.0213327407837
2014-02-13,13.3086671829224
2014-02-14,13.2153329849243
2014-02-18,13.5799999237061
2014-02-19,12.9093332290649
2014-02-20,13.9980001449585
2014-02-21,13.9733333587646
2014-02-24,14.5100002288818
2014-02-25,16.533332824707
2014-02-26,16.8666667938232
2014-02-27,16.8360004425049
2014-02-28,16.3206672668457
2014-03-03,16.7040004730225
2014-03-04,16.9893321990967
2014-03-05,16.8439998626709
2014-03-06,16.8626670837402
2014-03-07,16.4139995574951
2014-03-10,15.9226665496826
2014-03-11,15.6273326873779
2014-03-12,16.0993328094482
2014-03-13,15.8526668548584
2014-03-14,15.3979997634888
2014-03-17,15.5986671447754
2014-03-18,16.0026664733887
2014-03-19,15.7226667404175
2014-03-20,15.6606674194336
2014-03-21,15.2593326568604
2014-03-24,14.6780004501343
2014-03-25,14.6960000991821
2014-03-26,14.1973333358765
2014-03-27,13.8213329315186
2014-03-28,14.1579999923706
2014-03-31,13.8966665267944
2014-04-01,14.4646673202515
2014-04-02,15.3526668548584
2014-04-03,15.0266666412354
2014-04-04,14.1486673355103
2014-04-07,13.8346672058105
2014-04-08,14.3640003204346
2014-04-09,14.4619998931885
2014-04-10,13.6126670837402
2014-04-11,13.5853328704834
2014-04-14,13.206000328064
2014-04-15,12.9273328781128
2014-04-16,13.2740001678467
2014-04-17,13.2080001831055
2014-04-21,13.6253328323364
2014-04-22,14.576000213623
2014-04-23,13.8660001754761
2014-04-24,13.8573331832886
2014-04-25,13.3233327865601
2014-04-28,13.2340002059937
2014-04-29,13.7946672439575
2014-04-30,13.8593330383301
2014-05-01,13.8486671447754
2014-05-02,14.0606670379639
2014-05-05,14.4406671524048
2014-05-06,13.8186674118042
2014-05-07,13.4233331680298
2014-05-08,11.9060001373291
2014-05-09,12.1506671905518
2014-05-12,12.3113327026367
2014-05-13,12.6773328781128
2014-05-14,12.7080001831055
2014-05-15,12.5726671218872
2014-05-16,12.7706670761108
2014-05-19,13.0726671218872
2014-05-20,13.0200004577637
2014-05-21,13.296667098999
2014-05-22,13.6586666107178
2014-05-23,13.8199996948242
2014-05-27,14.1040000915527
2014-05-28,14.0159997940063
2014-05-29,14.0159997940063
2014-05-30,13.8513326644897
2014-06-02,13.6466665267944
2014-06-03,13.6626672744751
2014-06-04,13.5993328094482
2014-06-05,13.7933330535889
2014-06-06,13.8780002593994
2014-06-09,13.6873331069946
2014-06-10,13.4866666793823
2014-06-11,13.6313333511353
2014-06-12,13.5679998397827
2014-06-13,13.7613334655762
2014-06-16,14.9739999771118
2014-06-17,15.4446668624878
2014-06-18,15.1413326263428
2014-06-19,15.1859998703003
2014-06-20,15.3059997558594
2014-06-23,15.8146667480469
2014-06-24,15.5
2014-06-25,15.792667388916
2014-06-26,15.7066669464111
2014-06-27,15.9373331069946
2014-06-30,16.003999710083
2014-07-01,15.9813327789307
2014-07-02,15.2953329086304
2014-07-03,15.283332824707
2014-07-07,14.8439998626709
2014-07-08,14.6046667098999
2014-07-09,14.8706674575806
2014-07-10,14.6306667327881
2014-07-11,14.5419998168945
2014-07-14,15.1133327484131
2014-07-15,14.6386671066284
2014-07-16,14.4773330688477
2014-07-17,14.3599996566772
2014-07-18,14.6680002212524
2014-07-21,14.7026672363281
2014-07-22,14.6386671066284
2014-07-23,14.832667350769
2014-07-24,14.9026670455933
2014-07-25,14.9046669006348
2014-07-28,14.9879999160767
2014-07-29,15.0006666183472
2014-07-30,15.2613334655762
2014-07-31,14.8866672515869
2014-08-01,15.5513334274292
2014-08-04,15.9013328552246
2014-08-05,15.8993330001831
2014-08-06,16.5953330993652
2014-08-07,16.826000213623
2014-08-08,16.5419998168945
2014-08-11,17.2880001068115
2014-08-12,17.3306674957275
2014-08-13,17.3540000915527
2014-08-14,17.4253330230713
2014-08-15,17.4673328399658
2014-08-18,17.3293323516846
2014-08-19,17.1173324584961
2014-08-20,17.0473327636719
2014-08-21,16.9559993743896
2014-08-22,17.1186676025391
2014-08-25,17.5033321380615
2014-08-26,17.449333190918
2014-08-27,17.5499992370605
2014-08-28,17.5906677246094
2014-08-29,17.9799995422363
2014-09-02,18.941333770752
2014-09-03,18.746000289917
2014-09-04,19.0693321228027
2014-09-05,18.4926662445068
2014-09-08,18.8073329925537
2014-09-09,18.5653324127197
2014-09-10,18.7399997711182
2014-09-11,18.6873321533203
2014-09-12,18.6133327484131
2014-09-15,16.923999786377
2014-09-16,17.3826675415039
2014-09-17,17.4253330230713
2014-09-18,17.5879993438721
2014-09-19,17.2880001068115
2014-09-22,16.6686668395996
2014-09-23,16.6940002441406
2014-09-24,16.8093338012695
2014-09-25,16.4633331298828
2014-09-26,16.4400005340576
2014-09-29,16.3506679534912
2014-09-30,16.1786670684814
2014-10-01,16.0160007476807
2014-10-02,16.7613334655762
2014-10-03,17.0139999389648
2014-10-06,17.3746662139893
2014-10-07,17.304666519165
2014-10-08,17.2853336334229
2014-10-09,17.1340007781982
2014-10-10,15.793999671936
2014-10-13,14.9726667404175
2014-10-14,15.1373329162598
2014-10-15,15.3133325576782
2014-10-16,15.0900001525879
2014-10-17,15.1653327941895
2014-10-20,15.3646669387817
2014-10-21,15.6893329620361
2014-10-22,15.4066667556763
2014-10-23,15.6859998703003
2014-10-24,15.6826667785645
2014-10-27,14.7779998779297
2014-10-28,16.1846675872803
2014-10-29,15.8733329772949
2014-10-30,15.9106674194336
2014-10-31,16.1133327484131
2014-11-03,16.1726665496826
2014-11-04,15.9286670684814
2014-11-05,15.3979997634888
2014-11-06,16.0813331604004
2014-11-07,16.0133323669434
2014-11-10,16.1286678314209
2014-11-11,16.7386665344238
2014-11-12,16.6066665649414
2014-11-13,16.7800006866455
2014-11-14,17.2453327178955
2014-11-17,16.931999206543
2014-11-18,17.1800003051758
2014-11-19,16.5160007476807
2014-11-20,16.5806674957275
2014-11-21,16.1853332519531
2014-11-24,16.4479999542236
2014-11-25,16.5393333435059
2014-11-26,16.5626678466797
2014-11-28,16.3013324737549
2014-12-01,15.4426670074463
2014-12-02,15.4286670684814
2014-12-03,15.2866668701172
2014-12-04,15.2186670303345
2014-12-05,14.9139995574951
2014-12-08,14.2906665802002
2014-12-09,14.4593334197998
2014-12-10,13.989333152771
2014-12-11,13.9253330230713
2014-12-12,13.8000001907349
2014-12-15,13.6026668548584
2014-12-16,13.1873331069946
2014-12-17,13.7213325500488
2014-12-18,14.550666809082
2014-12-19,14.6193332672119
2014-12-22,14.8400001525879
2014-12-23,14.7313327789307
2014-12-24,14.8173332214355
2014-12-26,15.1879997253418
2014-12-29,15.0473327636719
2014-12-30,14.815333366394
2014-12-31,14.8273334503174
2015-01-02,14.6206674575806
2015-01-05,14.0059995651245
2015-01-06,14.0853328704834
2015-01-07,14.0633325576782
2015-01-08,14.0413331985474
2015-01-09,13.7773332595825
2015-01-12,13.4806671142578
2015-01-13,13.6166667938232
2015-01-14,12.8459997177124
2015-01-15,12.7913331985474
2015-01-16,12.8713331222534
2015-01-20,12.7953329086304
2015-01-21,13.1046667098999
2015-01-22,13.4413328170776
2015-01-23,13.4193334579468
2015-01-26,13.7700004577637
2015-01-27,13.7320003509521
2015-01-28,13.2913331985474
2015-01-29,13.6800003051758
2015-01-30,13.5733327865601
2015-02-02,14.0626668930054
2015-02-03,14.5573329925537
2015-02-04,14.5699996948242
2015-02-05,14.7326669692993
2015-02-06,14.4906673431396
2015-02-09,14.4986667633057
2015-02-10,14.4193334579468
2015-02-11,14.1866674423218
2015-02-12,13.525333404541
2015-02-13,13.5846672058105
2015-02-17,13.6233329772949
2015-02-18,13.6306667327881
2015-02-19,14.1140003204346
2015-02-20,14.4739999771118
2015-02-23,13.8226671218872
2015-02-24,13.6073331832886
2015-02-25,13.5839996337891
2015-02-26,13.8126668930054
2015-02-27,13.5559997558594
2015-03-02,13.1553325653076
2015-03-03,13.3039999008179
2015-03-04,13.496000289917
2015-03-05,13.3753328323364
2015-03-06,12.9253330230713
2015-03-09,12.7253332138062
2015-03-10,12.6879997253418
2015-03-11,12.9160003662109
2015-03-12,12.7379999160767
2015-03-13,12.5786666870117
2015-03-16,13.046667098999
2015-03-17,12.9820003509521
2015-03-18,13.3806667327881
2015-03-19,13.0433330535889
2015-03-20,13.2053327560425
2015-03-23,13.3086671829224
2015-03-24,13.4479999542236
2015-03-25,12.953332901001
2015-03-26,12.6940002441406
2015-03-27,12.3333330154419
2015-03-30,12.7046670913696
2015-03-31,12.5846672058105
2015-04-01,12.5059995651245
2015-04-02,12.7333326339722
2015-04-06,13.539999961853
2015-04-07,13.5500001907349
2015-04-08,13.8446674346924
2015-04-09,14.0059995651245
2015-04-10,14.0600004196167
2015-04-13,13.985333442688
2015-04-14,13.8306665420532
2015-04-15,13.8553333282471
2015-04-16,13.7799997329712
2015-04-17,13.78600025177
2015-04-20,13.684666633606
2015-04-21,13.9606666564941
2015-04-22,14.6293325424194
2015-04-23,14.5733327865601
2015-04-24,14.5620002746582
2015-04-27,15.4366674423218
2015-04-28,15.3653326034546
2015-04-29,15.4966669082642
2015-04-30,15.0699996948242
2015-05-01,15.0686674118042
2015-05-04,15.3673334121704
2015-05-05,15.5299997329712
2015-05-06,15.3620004653931
2015-05-07,15.7866668701172
2015-05-08,15.7740001678467
2015-05-11,15.9659996032715
2015-05-12,16.3159999847412
2015-05-13,16.2119998931885
2015-05-14,16.2733325958252
2015-05-15,16.5893325805664
2015-05-18,16.5833320617676
2015-05-19,16.4759998321533
2015-05-20,16.2900009155273
2015-05-21,16.3746662139893
2015-05-22,16.5153331756592
2015-05-26,16.4973335266113
2015-05-27,16.4953327178955
2015-05-28,16.7633323669434
2015-05-29,16.7199993133545
2015-06-01,16.6299991607666
2015-06-02,16.5566673278809
2015-06-03,16.5993328094482
2015-06-04,16.3946666717529
2015-06-05,16.6093330383301
2015-06-08,17.0860004425049
2015-06-09,17.0666675567627
2015-06-10,16.7133331298828
2015-06-11,16.7606678009033
2015-06-12,16.71266746521
2015-06-15,16.6919994354248
2015-06-16,16.8746662139893
2015-06-17,17.3606662750244
2015-06-18,17.4593334197998
2015-06-19,17.5006675720215
2015-06-22,17.3193321228027
2015-06-23,17.8446674346924
2015-06-24,17.67799949646
2015-06-25,17.9193325042725
2015-06-26,17.8059997558594
2015-06-29,17.4680004119873
2015-06-30,17.8840007781982
2015-07-01,17.9433326721191
2015-07-02,18.6679992675781
2015-07-06,18.6480007171631
2015-07-07,17.8586673736572
2015-07-08,16.9973335266113
2015-07-09,17.1946678161621
2015-07-10,17.2766666412354
2015-07-13,17.4773330688477
2015-07-14,17.7099990844727
2015-07-15,17.542667388916
2015-07-16,17.7786674499512
2015-07-17,18.3106670379639
2015-07-20,18.8173332214355
2015-07-21,17.7846660614014
2015-07-22,17.8579998016357
2015-07-23,17.8133335113525
2015-07-24,17.6940002441406
2015-07-27,16.8673324584961
2015-07-28,17.6546669006348
2015-07-29,17.5879993438721
2015-07-30,17.7859992980957
2015-07-31,17.7433338165283
2015-08-03,17.3326663970947
2015-08-04,17.7520008087158
2015-08-05,18.0086669921875
2015-08-06,16.4086666107178
2015-08-07,16.1673336029053
2015-08-10,16.076000213623
2015-08-11,15.8246669769287
2015-08-12,15.8780002593994
2015-08-13,16.1673336029053
2015-08-14,16.2099990844727
2015-08-17,16.9993324279785
2015-08-18,17.3813323974609
2015-08-19,17.0166664123535
2015-08-20,16.1453323364258
2015-08-21,15.3846673965454
2015-08-24,14.5913333892822
2015-08-25,14.6686668395996
2015-08-26,14.989333152771
2015-08-27,16.199333190918
2015-08-28,16.5653324127197
2015-08-31,16.6040000915527
2015-09-01,15.9086666107178
2015-09-02,16.5126667022705
2015-09-03,16.3713321685791
2015-09-04,16.1286678314209
2015-09-08,16.5446662902832
2015-09-09,16.5939998626709
2015-09-10,16.5653324127197
2015-09-11,16.6826667785645
2015-09-14,16.8793334960938
2015-09-15,16.9046669006348
2015-09-16,17.4833335876465
2015-09-17,17.4713325500488
2015-09-18,17.3746662139893
2015-09-21,17.6133327484131
2015-09-22,17.3959999084473
2015-09-23,17.4039993286133
2015-09-24,17.541332244873
2015-09-25,17.1273326873779
2015-09-28,16.5620002746582
2015-09-29,16.4433326721191
2015-09-30,16.5599994659424
2015-10-01,15.9919996261597
2015-10-02,16.5046672821045
2015-10-05,16.4099998474121
2015-10-06,16.0973339080811
2015-10-07,15.46399974823
2015-10-08,15.1146669387817
2015-10-09,14.71266746521
2015-10-12,14.3719997406006
2015-10-13,14.6166667938232
2015-10-14,14.4586668014526
2015-10-15,14.753999710083
2015-10-16,15.1339998245239
2015-10-19,15.2066669464111
2015-10-20,14.2019996643066
2015-10-21,14.0059995651245
2015-10-22,14.1146669387817
2015-10-23,13.9393329620361
2015-10-26,14.3506669998169
2015-10-27,14.0233325958252
2015-10-28,14.1973333358765
2015-10-29,14.1086673736572
2015-10-30,13.7953329086304
2015-11-02,14.252667427063
2015-11-03,13.8900003433228
2015-11-04,15.4420003890991
2015-11-05,15.4513330459595
2015-11-06,15.4906673431396
2015-11-09,15.0220003128052
2015-11-10,14.4333333969116
2015-11-11,14.6053333282471
2015-11-12,14.1960000991821
2015-11-13,13.8126668930054
2015-11-16,14.28733253479
2015-11-17,14.2666673660278
2015-11-18,14.7379999160767
2015-11-19,14.7866668701172
2015-11-20,14.667332649231
2015-11-23,14.5166673660278
2015-11-24,14.5500001907349
2015-11-25,15.3093328475952
2015-11-27,15.4406671524048
2015-11-30,15.3506669998169
2015-12-01,15.8126668930054
2015-12-02,15.4659996032715
2015-12-03,15.5139999389648
2015-12-04,15.3586673736572
2015-12-07,15.4086666107178
2015-12-08,15.1146669387817
2015-12-09,14.9680004119873
2015-12-10,15.1379995346069
2015-12-11,14.4680004119873
2015-12-14,14.5719995498657
2015-12-15,14.739333152771
2015-12-16,15.6339998245239
2015-12-17,15.5593328475952
2015-12-18,15.3640003204346
2015-12-21,15.503999710083
2015-12-22,15.3299999237061
2015-12-23,15.3133325576782
2015-12-24,15.3713331222534
2015-12-28,15.2633333206177
2015-12-29,15.8126668930054
2015-12-30,15.8726673126221
2015-12-31,16.0006675720215
2016-01-04,14.8940000534058
2016-01-05,14.8953332901001
2016-01-06,14.6026668548584
2016-01-07,14.3766670227051
2016-01-08,14.0666666030884
2016-01-11,13.8566665649414
2016-01-12,13.9980001449585
2016-01-13,13.3540000915527
2016-01-14,13.7453327178955
2016-01-15,13.6660003662109
2016-01-19,13.6479997634888
2016-01-20,13.2466669082642
2016-01-21,13.3313331604004
2016-01-22,13.5033330917358
2016-01-25,13.0920000076294
2016-01-26,12.9040002822876
2016-01-27,12.5380001068115
2016-01-28,12.6466665267944
2016-01-29,12.7466669082642
2016-02-01,13.1293325424194
2016-02-02,12.1853332519531
2016-02-03,11.565333366394
2016-02-04,11.6886672973633
2016-02-05,10.8400001525879
2016-02-08,9.86600017547607
2016-02-09,9.88333320617676
2016-02-10,9.57800006866455
2016-02-11,10.0313329696655
2016-02-12,10.0693330764771
2016-02-16,10.3446674346924
2016-02-17,11.2453327178955
2016-02-18,11.1180000305176
2016-02-19,11.1053333282471
2016-02-22,11.8493328094482
2016-02-23,11.8140001296997
2016-02-24,11.9333333969116
2016-02-25,12.4953327178955
2016-02-26,12.6893329620361
2016-02-29,12.7953329086304
2016-03-01,12.4233331680298
2016-03-02,12.5559997558594
2016-03-03,13.0493326187134
2016-03-04,13.4026670455933
2016-03-07,13.6859998703003
2016-03-08,13.506667137146
2016-03-09,13.9146671295166
2016-03-10,13.6786670684814
2016-03-11,13.8333330154419
2016-03-14,14.3433332443237
2016-03-15,14.5559997558594
2016-03-16,14.7953329086304
2016-03-17,15.0920000076294
2016-03-18,15.5159997940063
2016-03-21,15.8879995346069
2016-03-22,15.6160001754761
2016-03-23,14.8386669158936
2016-03-24,15.1833333969116
2016-03-28,15.3506669998169
2016-03-29,15.3420000076294
2016-03-30,15.1260004043579
2016-03-31,15.3179998397827
2016-04-01,15.8393325805664
2016-04-04,16.4659996032715
2016-04-05,17.0313339233398
2016-04-06,17.6946678161621
2016-04-07,17.1466674804688
2016-04-08,16.6713333129883
2016-04-11,16.6613330841064
2016-04-12,16.521333694458
2016-04-13,16.9686660766602
2016-04-14,16.7906665802002
2016-04-15,16.9673328399658
2016-04-18,16.9253330230713
2016-04-19,16.4913330078125
2016-04-20,16.6646671295166
2016-04-21,16.5526676177979
2016-04-22,16.9166679382324
2016-04-25,16.7880001068115
2016-04-26,16.9160003662109
2016-04-27,16.7646675109863
2016-04-28,16.5139999389648
2016-04-29,16.050666809082
2016-05-02,16.1200008392334
2016-05-03,15.4879999160767
2016-05-04,14.8373327255249
2016-05-05,14.1020002365112
2016-05-06,14.3286666870117
2016-05-09,13.9280004501343
2016-05-10,13.9126672744751
2016-05-11,13.9306669235229
2016-05-12,13.8186674118042
2016-05-13,13.8406667709351
2016-05-16,13.8859996795654
2016-05-17,13.6440000534058
2016-05-18,14.0780000686646
2016-05-19,14.3473329544067
2016-05-20,14.6853332519531
2016-05-23,14.4146671295166
2016-05-24,14.5273332595825
2016-05-25,14.6386671066284
2016-05-26,15.0080003738403
2016-05-27,14.8693332672119
2016-05-31,14.8819999694824
2016-06-01,14.6373329162598
2016-06-02,14.5973329544067
2016-06-03,14.5993328094482
2016-06-06,14.7119998931885
2016-06-07,15.489333152771
2016-06-08,15.7013330459595
2016-06-09,15.2906665802002
2016-06-10,14.5860004425049
2016-06-13,14.5246667861938
2016-06-14,14.3306665420532
2016-06-15,14.5133333206177
2016-06-16,14.5286674499512
2016-06-17,14.3646669387817
2016-06-20,14.6466665267944
2016-06-21,14.6406669616699
2016-06-22,13.1106672286987
2016-06-23,13.0933332443237
2016-06-24,12.8766670227051
2016-06-27,13.2366666793823
2016-06-28,13.4526672363281
2016-06-29,14.0126667022705
2016-06-30,14.1520004272461
2016-07-01,14.4333333969116
2016-07-05,14.2653331756592
2016-07-06,14.2959995269775
2016-07-07,14.3959999084473
2016-07-08,14.4519996643066
2016-07-11,14.985333442688
2016-07-12,14.9766674041748
2016-07-13,14.8353328704834
2016-07-14,14.7686672210693
2016-07-15,14.6933326721191
2016-07-18,15.0833330154419
2016-07-19,15.0173330307007
2016-07-20,15.2239999771118
2016-07-21,14.6999998092651
2016-07-22,14.8179998397827
2016-07-25,15.3339996337891
2016-07-26,15.300666809082
2016-07-27,15.2326669692993
2016-07-28,15.3739995956421
2016-07-29,15.6526670455933
2016-08-01,15.3339996337891
2016-08-02,15.1466665267944
2016-08-03,15.0526666641235
2016-08-04,15.3739995956421
2016-08-05,15.3353328704834
2016-08-08,15.0773334503174
2016-08-09,15.2720003128052
2016-08-10,15.0433330535889
2016-08-11,14.9940004348755
2016-08-12,15.0406665802002
2016-08-15,15.0393333435059
2016-08-16,14.9073333740234
2016-08-17,14.8826665878296
2016-08-18,14.9006671905518
2016-08-19,15
2016-08-22,14.8620004653931
2016-08-23,14.989333152771
2016-08-24,14.8413333892822
2016-08-25,14.7306671142578
2016-08-26,14.6660003662109
2016-08-29,14.3466672897339
2016-08-30,14.0893325805664
2016-08-31,14.1339998245239
2016-09-01,13.3846673965454
2016-09-02,13.1853332519531
2016-09-06,13.5220003128052
2016-09-07,13.4473333358765
2016-09-08,13.1573333740234
2016-09-09,12.9646673202515
2016-09-12,13.2200002670288
2016-09-13,13.0699996948242
2016-09-14,13.0939998626709
2016-09-15,13.3613328933716
2016-09-16,13.6933326721191
2016-09-19,13.7559995651245
2016-09-20,13.6426668167114
2016-09-21,13.6813325881958
2016-09-22,13.7620000839233
2016-09-23,13.8299999237061
2016-09-26,13.9326667785645
2016-09-27,13.720666885376
2016-09-28,13.7513332366943
2016-09-29,13.3800001144409
2016-09-30,13.6020002365112
2016-10-03,14.2466669082642
2016-10-04,14.0939998626709
2016-10-05,13.8973331451416
2016-10-06,13.3999996185303
2016-10-07,13.1073331832886
2016-10-10,13.3966665267944
2016-10-11,13.3400001525879
2016-10-12,13.4340000152588
2016-10-13,13.3493328094482
2016-10-14,13.1006669998169
2016-10-17,12.9306669235229
2016-10-18,13.2733325958252
2016-10-19,13.5706672668457
2016-10-20,13.2733325958252
2016-10-21,13.3393325805664
2016-10-24,13.5173330307007
2016-10-25,13.489333152771
2016-10-26,13.4826669692993
2016-10-27,13.6006669998169
2016-10-28,13.3313331604004
2016-10-31,13.1820001602173
2016-11-01,12.7193326950073
2016-11-02,12.5346670150757
2016-11-03,12.4946670532227
2016-11-04,12.7040004730225
2016-11-07,12.8806667327881
2016-11-08,12.996000289917
2016-11-09,12.6706666946411
2016-11-10,12.3566665649414
2016-11-11,12.5706672668457
2016-11-14,12.0966672897339
2016-11-15,12.2513332366943
2016-11-16,12.2620000839233
2016-11-17,12.5773334503174
2016-11-18,12.3346672058105
2016-11-21,12.3013334274292
2016-11-22,12.7446670532227
2016-11-23,12.8760004043579
2016-11-25,13.1099996566772
2016-11-28,13.0746669769287
2016-11-29,12.6379995346069
2016-11-30,12.6266670227051
2016-12-01,12.1253328323364
2016-12-02,12.0979995727539
2016-12-05,12.453332901001
2016-12-06,12.3900003433228
2016-12-07,12.8766670227051
2016-12-08,12.8193330764771
2016-12-09,12.8120002746582
2016-12-12,12.8286666870117
2016-12-13,13.210000038147
2016-12-14,13.246000289917
2016-12-15,13.1719999313354
2016-12-16,13.4993333816528
2016-12-19,13.5153331756592
2016-12-20,13.9193334579468
2016-12-21,13.8466672897339
2016-12-22,13.8966665267944
2016-12-23,14.2226667404175
2016-12-27,14.6353330612183
2016-12-28,14.6493330001831
2016-12-29,14.3120002746582
2016-12-30,14.246000289917
2017-01-03,14.4659996032715
2017-01-04,15.1326665878296
2017-01-05,15.1166667938232
2017-01-06,15.2673330307007
2017-01-09,15.4186668395996
2017-01-10,15.3246669769287
2017-01-11,15.315333366394
2017-01-12,15.3059997558594
2017-01-13,15.8500003814697
2017-01-17,15.7053327560425
2017-01-18,15.8906669616699
2017-01-19,16.2506675720215
2017-01-20,16.3153324127197
2017-01-23,16.5946674346924
2017-01-24,16.9740009307861
2017-01-25,16.9646663665771
2017-01-26,16.8339996337891
2017-01-27,16.8633327484131
2017-01-30,16.708667755127
2017-01-31,16.7953338623047
2017-02-01,16.6159992218018
2017-02-02,16.7700004577637
2017-02-03,16.7553329467773
2017-02-06,17.1846675872803
2017-02-07,17.1653327941895
2017-02-08,17.4720001220703
2017-02-09,17.9466667175293
2017-02-10,17.9486675262451
2017-02-13,18.7066669464111
2017-02-14,18.7320003509521
2017-02-15,18.6506671905518
2017-02-16,17.9300003051758
2017-02-17,18.1486663818359
2017-02-21,18.4926662445068
2017-02-22,18.2339992523193
2017-02-23,17.0659999847412
2017-02-24,17.1333332061768
2017-02-27,16.4153327941895
2017-02-28,16.6660003662109
2017-03-01,16.6679992675781
2017-03-02,16.6986675262451
2017-03-03,16.771333694458
2017-03-06,16.7473335266113
2017-03-07,16.5726661682129
2017-03-08,16.4580001831055
2017-03-09,16.3266677856445
2017-03-10,16.246000289917
2017-03-13,16.4113330841064
2017-03-14,17.2000007629395
2017-03-15,17.0486679077148
2017-03-16,17.4699993133545
2017-03-17,17.4333324432373
2017-03-20,17.461332321167
2017-03-21,16.7119998931885
2017-03-22,17.0006675720215
2017-03-23,16.9853324890137
2017-03-24,17.5440006256104
2017-03-27,18.0146675109863
2017-03-28,18.4966678619385
2017-03-29,18.492000579834
2017-03-30,18.5279998779297
2017-03-31,18.5533332824707
2017-04-03,19.9013328552246
2017-04-04,20.2466678619385
2017-04-05,19.6666679382324
2017-04-06,19.9133338928223
2017-04-07,20.1693325042725
2017-04-10,20.826000213623
2017-04-11,20.5806674957275
2017-04-12,19.7893333435059
2017-04-13,20.2666664123535
2017-04-17,20.0960006713867
2017-04-18,20.0166664123535
2017-04-19,20.3680000305176
2017-04-20,20.1673336029053
2017-04-21,20.3733329772949
2017-04-24,20.5353336334229
2017-04-25,20.9193325042725
2017-04-26,20.67799949646
2017-04-27,20.5753326416016
2017-04-28,20.9379997253418
2017-05-01,21.5219993591309
2017-05-02,21.2593326568604
2017-05-03,20.7346668243408
2017-05-04,19.6973323822021
2017-05-05,20.5566673278809
2017-05-08,20.4793338775635
2017-05-09,21.4173336029053
2017-05-10,21.6813335418701
2017-05-11,21.5400009155273
2017-05-12,21.6539993286133
2017-05-15,21.058666229248
2017-05-16,21.1340007781982
2017-05-17,20.4073333740234
2017-05-18,20.8706665039062
2017-05-19,20.7220001220703
2017-05-22,20.6900005340576
2017-05-23,20.2573337554932
2017-05-24,20.6813335418701
2017-05-25,21.1219997406006
2017-05-26,21.6760005950928
2017-05-30,22.3400001525879
2017-05-31,22.7339992523193
2017-06-01,22.691333770752
2017-06-02,22.6566677093506
2017-06-05,23.1546669006348
2017-06-06,23.5233325958252
2017-06-07,23.9766674041748
2017-06-08,24.6666679382324
2017-06-09,23.8213329315186
2017-06-12,23.9340000152588
2017-06-13,25.0633335113525
2017-06-14,25.3773326873779
2017-06-15,25.0226669311523
2017-06-16,24.7600002288818
2017-06-19,24.6533336639404
2017-06-20,24.8159999847412
2017-06-21,25.0933322906494
2017-06-22,25.5073337554932
2017-06-23,25.5633335113525
2017-06-26,25.1660003662109
2017-06-27,24.1580009460449
2017-06-28,24.7493324279785
2017-06-29,24.0499992370605
2017-06-30,24.1073322296143
2017-07-03,23.507999420166
2017-07-05,21.8059997558594
2017-07-06,20.5886669158936
2017-07-07,20.8813323974609
2017-07-10,21.0699996948242
2017-07-11,21.8146667480469
2017-07-12,21.9680004119873
2017-07-13,21.5606670379639
2017-07-14,21.8519992828369
2017-07-17,21.304666519165
2017-07-18,21.8826675415039
2017-07-19,21.6840000152588
2017-07-20,21.9946670532227
2017-07-21,21.8933334350586
2017-07-24,22.8346672058105
2017-07-25,22.6399993896484
2017-07-26,22.9233322143555
2017-07-27,22.2973327636719
2017-07-28,22.3379993438721
2017-07-31,21.5646667480469
2017-08-01,21.304666519165
2017-08-02,21.7259998321533
2017-08-03,23.1393337249756
2017-08-04,23.7940006256104
2017-08-07,23.67799949646
2017-08-08,24.3479995727539
2017-08-09,24.2353324890137
2017-08-10,23.6933326721191
2017-08-11,23.8579998016357
2017-08-14,24.2533321380615
2017-08-15,24.1553325653076
2017-08-16,24.1940002441406
2017-08-17,23.461332321167
2017-08-18,23.1639995574951
2017-08-21,22.5240001678467
2017-08-22,22.7566661834717
2017-08-23,23.5179996490479
2017-08-24,23.5286674499512
2017-08-25,23.203332901001
2017-08-28,23.0440006256104
2017-08-29,23.1573333740234
2017-08-30,23.5453338623047
2017-08-31,23.7266674041748
2017-09-01,23.6933326721191
2017-09-05,23.3059997558594
2017-09-06,22.9686660766602
2017-09-07,23.3740005493164
2017-09-08,22.8933334350586
2017-09-11,24.246000289917
2017-09-12,24.1833324432373
2017-09-13,24.4153327941895
2017-09-14,25.1760005950928
2017-09-15,25.3206672668457
2017-09-18,25.6666679382324
2017-09-19,25.0066661834717
2017-09-20,24.9273338317871
2017-09-21,24.431999206543
2017-09-22,23.4060001373291
2017-09-25,22.9993324279785
2017-09-26,23.0166664123535
2017-09-27,22.7313327789307
2017-09-28,22.6399993896484
2017-09-29,22.7399997711182
2017-10-02,22.7686672210693
2017-10-03,23.2093334197998
2017-10-04,23.6673336029053
2017-10-05,23.6886672973633
2017-10-06,23.7919998168945
2017-10-09,22.8626670837402
2017-10-10,23.7059993743896
2017-10-11,23.6399993896484
2017-10-12,23.7119998931885
2017-10-13,23.7046661376953
2017-10-16,23.3733329772949
2017-10-17,23.716667175293
2017-10-18,23.9766674041748
2017-10-19,23.4540004730225
2017-10-20,23.0066661834717
2017-10-23,22.4680004119873
2017-10-24,22.4893321990967
2017-10-25,21.7226676940918
2017-10-26,21.7446670532227
2017-10-27,21.3913326263428
2017-10-30,21.3386669158936
2017-10-31,22.1019992828369
2017-11-01,21.4053325653076
2017-11-02,19.9506664276123
2017-11-03,20.4060001373291
2017-11-06,20.1853332519531
2017-11-07,20.4033336639404
2017-11-08,20.292667388916
2017-11-09,20.199333190918
2017-11-10,20.199333190918
2017-11-13,21.0266666412354
2017-11-14,20.5799999237061
2017-11-15,20.7533321380615
2017-11-16,20.8333320617676
2017-11-17,21.0033321380615
2017-11-20,20.5826663970947
2017-11-21,21.1873321533203
2017-11-22,20.8400001525879
2017-11-24,21.0366668701172
2017-11-27,21.1206665039062
2017-11-28,21.1700000762939
2017-11-29,20.5026664733887
2017-11-30,20.5900001525879
2017-12-01,20.4353332519531
2017-12-04,20.3466663360596
2017-12-05,20.2466678619385
2017-12-06,20.8840007781982
2017-12-07,20.7493324279785
2017-12-08,21.0086669921875
2017-12-11,21.9273338317871
2017-12-12,22.7353324890137
2017-12-13,22.6019992828369
2017-12-14,22.5259990692139
2017-12-15,22.8966674804688
2017-12-18,22.5913333892822
2017-12-19,22.0733337402344
2017-12-20,21.931999206543
2017-12-21,22.1106662750244
2017-12-22,21.6800003051758
2017-12-26,21.1526660919189
2017-12-27,20.7759990692139
2017-12-28,21.0240001678467
2017-12-29,20.7566661834717
2018-01-02,21.3686676025391
2018-01-03,21.1499996185303
2018-01-04,20.974666595459
2018-01-05,21.1053333282471
2018-01-08,22.4273338317871
2018-01-09,22.246000289917
2018-01-10,22.3199996948242
2018-01-11,22.5300006866455
2018-01-12,22.4146671295166
2018-01-16,22.6706676483154
2018-01-17,23.1439990997314
2018-01-18,22.9713325500488
2018-01-19,23.3346672058105
2018-01-22,23.4373321533203
2018-01-23,23.5193328857422
2018-01-24,23.0593338012695
2018-01-25,22.5093326568604
2018-01-26,22.8566665649414
2018-01-29,23.3020000457764
2018-01-30,23.054666519165
2018-01-31,23.6206665039062
2018-02-01,23.283332824707
2018-02-02,22.9166679382324
2018-02-05,22.208667755127
2018-02-06,22.2646675109863
2018-02-07,23
2018-02-08,21.0153331756592
2018-02-09,20.6946678161621
2018-02-12,21.0486679077148
2018-02-13,21.5773334503174
2018-02-14,21.4873332977295
2018-02-15,22.271333694458
2018-02-16,22.3659992218018
2018-02-20,22.318000793457
2018-02-21,22.2199993133545
2018-02-22,23.0779991149902
2018-02-23,23.4699993133545
2018-02-26,23.8279991149902
2018-02-27,23.3993320465088
2018-02-28,22.8706665039062
2018-03-01,22.0620002746582
2018-03-02,22.3413333892822
2018-03-05,22.2233333587646
2018-03-06,21.8799991607666
2018-03-07,22.1533336639404
2018-03-08,21.9400005340576
2018-03-09,21.8113327026367
2018-03-12,23.0340003967285
2018-03-13,22.7893333435059
2018-03-14,21.775333404541
2018-03-15,21.7066669464111
2018-03-16,21.4233322143555
2018-03-19,20.9039993286133
2018-03-20,20.703332901001
2018-03-21,21.1019992828369
2018-03-22,20.6066665649414
2018-03-23,20.1026668548584
2018-03-26,20.2786674499512
2018-03-27,18.6119995117188
2018-03-28,17.1853332519531
2018-03-29,17.742000579834
2018-04-02,16.8320007324219
2018-04-03,17.8353328704834
2018-04-04,19.1293334960938
2018-04-05,20.3813323974609
2018-04-06,19.953332901001
2018-04-09,19.3106670379639
2018-04-10,20.3133335113525
2018-04-11,20.0620002746582
2018-04-12,19.6053333282471
2018-04-13,20.0226669311523
2018-04-16,19.4139995574951
2018-04-17,19.1793327331543
2018-04-18,19.5566673278809
2018-04-19,20.0053329467773
2018-04-20,19.3493328094482
2018-04-23,18.8913326263428
2018-04-24,18.8973331451416
2018-04-25,18.71266746521
2018-04-26,19.0319995880127
2018-04-27,19.6053333282471
2018-04-30,19.5933322906494
2018-05-01,19.9946670532227
2018-05-02,20.0766677856445
2018-05-03,18.9633331298828
2018-05-04,19.6060009002686
2018-05-07,20.1846675872803
2018-05-08,20.1313323974609
2018-05-09,20.4566669464111
2018-05-10,20.3346672058105
2018-05-11,20.0706672668457
2018-05-14,19.4646663665771
2018-05-15,18.945333480835
2018-05-16,19.0986671447754
2018-05-17,18.9693336486816
2018-05-18,18.4546661376953
2018-05-21,18.9659996032715
2018-05-22,18.3339996337891
2018-05-23,18.6046676635742
2018-05-24,18.5233325958252
2018-05-25,18.5900001525879
2018-05-29,18.9173336029053
2018-05-30,19.4479999542236
2018-05-31,18.9820003509521
2018-06-01,19.4546661376953
2018-06-04,19.7826671600342
2018-06-05,19.4086666107178
2018-06-06,21.2999992370605
2018-06-07,21.0726661682129
2018-06-08,21.1773338317871
2018-06-11,22.1399993896484
2018-06-12,22.8513336181641
2018-06-13,22.9853324890137
2018-06-14,23.8479995727539
2018-06-15,23.8780002593994
2018-06-18,24.7220001220703
2018-06-19,23.5033321380615
2018-06-20,24.1480007171631
2018-06-21,23.1673336029053
2018-06-22,22.242000579834
2018-06-25,22.2006664276123
2018-06-26,22.7999992370605
2018-06-27,22.966667175293
2018-06-28,23.3286666870117
2018-06-29,22.8633327484131
2018-07-02,22.3379993438721
2018-07-03,20.7240009307861
2018-07-05,20.6106662750244
2018-07-06,20.5933322906494
2018-07-09,21.2339992523193
2018-07-10,21.4979991912842
2018-07-11,21.2639999389648
2018-07-12,21.1140003204346
2018-07-13,21.257999420166
2018-07-16,20.6733322143555
2018-07-17,21.5126667022705
2018-07-18,21.5900001525879
2018-07-19,21.3486671447754
2018-07-20,20.9053325653076
2018-07-23,20.2133331298828
2018-07-24,19.8286666870117
2018-07-25,20.5826663970947
2018-07-26,20.4433326721191
2018-07-27,19.8120002746582
2018-07-30,19.3446674346924
2018-07-31,19.8759994506836
2018-08-01,20.0559997558594
2018-08-02,23.3026676177979
2018-08-03,23.211332321167
2018-08-06,22.7993335723877
2018-08-07,25.304666519165
2018-08-08,24.6893329620361
2018-08-09,23.4966678619385
2018-08-10,23.699333190918
2018-08-13,23.7606678009033
2018-08-14,23.1760005950928
2018-08-15,22.5793323516846
2018-08-16,22.3633327484131
2018-08-17,20.3666667938232
2018-08-20,20.5626678466797
2018-08-21,21.4599990844727
2018-08-22,21.4426670074463
2018-08-23,21.3400001525879
2018-08-24,21.521333694458
2018-08-27,21.2846660614014
2018-08-28,20.7906665802002
2018-08-29,20.3339996337891
2018-08-30,20.2099990844727
2018-08-31,20.1106662750244
2018-09-04,19.2633323669434
2018-09-05,18.7159996032715
2018-09-06,18.7299995422363
2018-09-07,17.5493335723877
2018-09-10,19.033332824707
2018-09-11,18.6293334960938
2018-09-12,19.3693332672119
2018-09-13,19.2973327636719
2018-09-14,19.6800003051758
2018-09-17,19.6560001373291
2018-09-18,18.9973335266113
2018-09-19,19.9346675872803
2018-09-20,19.8886661529541
2018-09-21,19.9400005340576
2018-09-24,19.978666305542
2018-09-25,20.0659999847412
2018-09-26,20.6386661529541
2018-09-27,20.5013332366943
2018-09-28,17.6513328552246
2018-10-01,20.7133331298828
2018-10-02,20.068000793457
2018-10-03,19.6533336639404
2018-10-04,18.788667678833
2018-10-05,17.4633331298828
2018-10-08,16.7040004730225
2018-10-09,17.5200004577637
2018-10-10,17.1253337860107
2018-10-11,16.8153324127197
2018-10-12,17.2520008087158
2018-10-15,17.3059997558594
2018-10-16,18.4393329620361
2018-10-17,18.1186676025391
2018-10-18,17.5939998626709
2018-10-19,17.3333320617676
2018-10-22,17.3966674804688
2018-10-23,19.6093330383301
2018-10-24,19.2333335876465
2018-10-25,20.9906673431396
2018-10-26,22.0599994659424
2018-10-29,22.3233337402344
2018-10-30,21.9933338165283
2018-10-31,22.488000869751
2018-11-01,22.9519996643066
2018-11-02,23.0939998626709
2018-11-05,22.7600002288818
2018-11-06,22.7373332977295
2018-11-07,23.2106666564941
2018-11-08,23.4266662597656
2018-11-09,23.3673324584961
2018-11-12,22.0853328704834
2018-11-13,22.5820007324219
2018-11-14,22.9333324432373
2018-11-15,23.2293338775635
2018-11-16,23.6206665039062
2018-11-19,23.5646667480469
2018-11-20,23.1660003662109
2018-11-21,22.5459995269775
2018-11-23,21.7220001220703
2018-11-26,23.0666675567627
2018-11-27,22.92799949646
2018-11-28,23.191333770752
2018-11-29,22.7446670532227
2018-11-30,23.3653335571289
2018-12-03,23.8993320465088
2018-12-04,23.9799995422363
2018-12-06,24.2040004730225
2018-12-07,23.8646678924561
2018-12-10,24.3433322906494
2018-12-11,24.4506664276123
2018-12-12,24.4400005340576
2018-12-13,25.1193332672119
2018-12-14,24.3806667327881
2018-12-17,23.2280006408691
2018-12-18,22.4686660766602
2018-12-19,22.1979999542236
2018-12-20,21.025333404541
2018-12-21,21.318000793457
2018-12-24,19.6926670074463
2018-12-26,21.7393321990967
2018-12-27,21.0753326416016
2018-12-28,22.257999420166
2018-12-31,22.1866664886475
2019-01-02,20.6746673583984
2019-01-03,20.0240001678467
2019-01-04,21.1793327331543
2019-01-07,22.3306674957275
2019-01-08,22.3566665649414
2019-01-09,22.5686664581299
2019-01-10,22.9979991912842
2019-01-11,23.1506671905518
2019-01-14,22.2933330535889
2019-01-15,22.9619998931885
2019-01-16,23.0699996948242
2019-01-17,23.1539993286133
2019-01-18,20.1506671905518
2019-01-22,19.92799949646
2019-01-23,19.1726665496826
2019-01-24,19.4340000152588
2019-01-25,19.8026676177979
2019-01-28,19.7586669921875
2019-01-29,19.8306674957275
2019-01-30,20.5846672058105
2019-01-31,20.4680004119873
2019-02-01,20.8139991760254
2019-02-04,20.8593330383301
2019-02-05,21.4233322143555
2019-02-06,21.1480007171631
2019-02-07,20.5006675720215
2019-02-08,20.3866672515869
2019-02-11,20.8560009002686
2019-02-12,20.78733253479
2019-02-13,20.5446662902832
2019-02-14,20.2513332366943
2019-02-15,20.525333404541
2019-02-19,20.3759994506836
2019-02-20,20.1706676483154
2019-02-21,19.4153327941895
2019-02-22,19.6473331451416
2019-02-25,19.9179992675781
2019-02-26,19.8573322296143
2019-02-27,20.9826679229736
2019-02-28,21.3253326416016
2019-03-01,19.6526660919189
2019-03-04,19.0240001678467
2019-03-05,18.4360008239746
2019-03-06,18.4160003662109
2019-03-07,18.4393329620361
2019-03-08,18.9426670074463
2019-03-11,19.3946666717529
2019-03-12,18.8906669616699
2019-03-13,19.2639999389648
2019-03-14,19.3306674957275
2019-03-15,18.3619995117188
2019-03-18,17.9659996032715
2019-03-19,17.8313331604004
2019-03-20,18.2399997711182
2019-03-21,18.2679996490479
2019-03-22,17.6353321075439
2019-03-25,17.3613338470459
2019-03-26,17.8513336181641
2019-03-27,18.32200050354
2019-03-28,18.5746669769287
2019-03-29,18.6573333740234
2019-04-01,19.2786674499512
2019-04-02,19.058666229248
2019-04-03,19.4540004730225
2019-04-04,17.8519992828369
2019-04-05,18.3306674957275
2019-04-08,18.2133331298828
2019-04-09,18.1539993286133
2019-04-10,18.4039993286133
2019-04-11,17.8946666717529
2019-04-12,17.8466663360596
2019-04-15,17.7586669921875
2019-04-16,18.2240009307861
2019-04-17,18.0820007324219
2019-04-18,18.2173328399658
2019-04-22,17.5166664123535
2019-04-23,17.5933322906494
2019-04-24,17.2439994812012
2019-04-25,16.5086669921875
2019-04-26,15.6759996414185
2019-04-29,16.0979995727539
2019-04-30,15.9126672744751
2019-05-01,15.6006669998169
2019-05-02,16.2733325958252
2019-05-03,17.0020008087158
2019-05-06,17.0226669311523
2019-05-07,16.470666885376
2019-05-08,16.3226661682129
2019-05-09,16.1319999694824
2019-05-10,15.9680004119873
2019-05-13,15.1339998245239
2019-05-14,15.4873332977295
2019-05-15,15.4633331298828
2019-05-16,15.2220001220703
2019-05-17,14.0686674118042
2019-05-20,13.6906671524048
2019-05-21,13.6719999313354
2019-05-22,12.8486671447754
2019-05-23,13.0326671600342
2019-05-24,12.7086668014526
2019-05-28,12.5799999237061
2019-05-29,12.6573333740234
2019-05-30,12.5480003356934
2019-05-31,12.3439998626709
2019-06-03,11.9313325881958
2019-06-04,12.9066667556763
2019-06-05,13.1059999465942
2019-06-06,13.7299995422363
2019-06-07,13.6333332061768
2019-06-10,14.1920003890991
2019-06-11,14.4733333587646
2019-06-12,13.9506673812866
2019-06-13,14.260666847229
2019-06-14,14.3280000686646
2019-06-17,15.0019998550415
2019-06-18,14.9826669692993
2019-06-19,15.0953330993652
2019-06-20,14.6413326263428
2019-06-21,14.7906665802002
2019-06-24,14.9093332290649
2019-06-25,14.6506671905518
2019-06-26,14.6180000305176
2019-06-27,14.8559999465942
2019-06-28,14.8973331451416
2019-07-01,15.1446666717529
2019-07-02,14.9700002670288
2019-07-03,15.6599998474121
2019-07-05,15.539999961853
2019-07-08,15.3559999465942
2019-07-09,15.3373327255249
2019-07-10,15.9280004501343
2019-07-11,15.9066667556763
2019-07-12,16.3386669158936
2019-07-15,16.8999996185303
2019-07-16,16.8253326416016
2019-07-17,16.9906673431396
2019-07-18,16.9026660919189
2019-07-19,17.2119998931885
2019-07-22,17.0453338623047
2019-07-23,17.3446674346924
2019-07-24,17.6586666107178
2019-07-25,15.2546672821045
2019-07-26,15.2026672363281
2019-07-29,15.7180004119873
2019-07-30,16.1506671905518
2019-07-31,16.1073322296143
2019-08-01,15.5900001525879
2019-08-02,15.6226673126221
2019-08-05,15.2213325500488
2019-08-06,15.3833332061768
2019-08-07,15.5613327026367
2019-08-08,15.8866672515869
2019-08-09,15.667332649231
2019-08-12,15.2673330307007
2019-08-13,15.6666669845581
2019-08-14,14.6413326263428
2019-08-15,14.3760004043579
2019-08-16,14.6626672744751
2019-08-19,15.1219997406006
2019-08-20,15.0573329925537
2019-08-21,14.7220001220703
2019-08-22,14.8100004196167
2019-08-23,14.0933332443237
2019-08-26,14.3333330154419
2019-08-27,14.2720003128052
2019-08-28,14.3726673126221
2019-08-29,14.7806673049927
2019-08-30,15.0406665802002
2019-09-03,15.0006666183472
2019-09-04,14.7119998931885
2019-09-05,15.3053331375122
2019-09-06,15.1633329391479
2019-09-09,15.4526672363281
2019-09-10,15.7026672363281
2019-09-11,16.4733333587646
2019-09-12,16.3913326263428
2019-09-13,16.3466663360596
2019-09-16,16.1873321533203
2019-09-17,16.3193321228027
2019-09-18,16.2326679229736
2019-09-19,16.4400005340576
2019-09-20,16.041332244873
2019-09-23,16.0820007324219
2019-09-24,14.8806667327881
2019-09-25,15.2466669082642
2019-09-26,16.1706676483154
2019-09-27,16.1420001983643
2019-09-30,16.0580005645752
2019-10-01,16.3126678466797
2019-10-02,16.208667755127
2019-10-03,15.5353326797485
2019-10-04,15.4286670684814
2019-10-07,15.8479995727539
2019-10-08,16.0033321380615
2019-10-09,16.3020000457764
2019-10-10,16.3159999847412
2019-10-11,16.5259990692139
2019-10-14,17.1306667327881
2019-10-15,17.1926670074463
2019-10-16,17.3166675567627
2019-10-17,17.4646663665771
2019-10-18,17.1299991607666
2019-10-21,16.8999996185303
2019-10-22,17.038667678833
2019-10-23,16.978666305542
2019-10-24,19.978666305542
2019-10-25,21.8753337860107
2019-10-28,21.8473339080811
2019-10-29,21.0813331604004
2019-10-30,21.0006675720215
2019-10-31,20.9946670532227
2019-11-01,20.8873329162598
2019-11-04,21.1646671295166
2019-11-05,21.1480007171631
2019-11-06,21.7719993591309
2019-11-07,22.3693332672119
2019-11-08,22.4759998321533
2019-11-11,23.0060005187988
2019-11-12,23.3286666870117
2019-11-13,23.0739994049072
2019-11-14,23.2900009155273
2019-11-15,23.4780006408691
2019-11-18,23.3326663970947
2019-11-19,23.9680004119873
2019-11-20,23.4813327789307
2019-11-21,23.6553325653076
2019-11-22,22.2026672363281
2019-11-25,22.4226665496826
2019-11-26,21.92799949646
2019-11-27,22.0860004425049
2019-11-29,21.996000289917
2019-12-02,22.3246669769287
2019-12-03,22.4133338928223
2019-12-04,22.2019996643066
2019-12-05,22.0246677398682
2019-12-06,22.3926677703857
2019-12-09,22.6353321075439
2019-12-10,23.2560005187988
2019-12-11,23.5133323669434
2019-12-12,23.978666305542
2019-12-13,23.8926677703857
2019-12-16,25.4333324432373
2019-12-17,25.2660007476807
2019-12-18,26.2099990844727
2019-12-19,26.9360008239746
2019-12-20,27.0393333435059
2019-12-23,27.9479999542236
2019-12-24,28.3500003814697
2019-12-26,28.7293338775635
2019-12-27,28.6919994354248
2019-12-30,27.6466674804688
2019-12-31,27.8886661529541
2020-01-02,28.6840000152588
2020-01-03,29.5340003967285
2020-01-06,30.1026668548584
2020-01-07,31.2706661224365
2020-01-08,32.8093338012695
2020-01-09,32.0893325805664
2020-01-10,31.8766670227051
2020-01-13,34.990665435791
2020-01-14,35.8613319396973
2020-01-15,34.5666656494141
2020-01-16,34.232666015625
2020-01-17,34.033332824707
2020-01-21,36.4799995422363
2020-01-22,37.9706687927246
2020-01-23,38.1466674804688
2020-01-24,37.6546669006348
2020-01-27,37.2013320922852
2020-01-28,37.7933311462402
2020-01-29,38.732666015625
2020-01-30,42.7206687927246
2020-01-31,43.3713340759277
2020-02-03,52
2020-02-04,59.1373329162598
2020-02-05,48.9799995422363
2020-02-06,49.9306678771973
2020-02-07,49.8713340759277
2020-02-10,51.4186668395996
2020-02-11,51.6253318786621
2020-02-12,51.1526679992676
2020-02-13,53.5999984741211
2020-02-14,53.335334777832
2020-02-18,57.2266654968262
2020-02-19,61.1613311767578
2020-02-20,59.9606666564941
2020-02-21,60.0666656494141
2020-02-24,55.5859985351562
2020-02-25,53.3273315429688
2020-02-26,51.9199981689453
2020-02-27,45.2666664123535
2020-02-28,44.5326652526855
2020-03-02,49.5746688842773
2020-03-03,49.7006683349609
2020-03-04,49.966667175293
2020-03-05,48.3026657104492
2020-03-06,46.8986663818359
2020-03-09,40.533332824707
2020-03-10,43.0219993591309
2020-03-11,42.2820014953613
2020-03-12,37.3699989318848
2020-03-13,36.441333770752
2020-03-16,29.6713333129883
2020-03-17,28.6800003051758
2020-03-18,24.0813331604004
2020-03-19,28.5093326568604
2020-03-20,28.5020008087158
2020-03-23,28.9526672363281
2020-03-24,33.6666679382324
2020-03-25,35.9500007629395
2020-03-26,35.2106666564941
2020-03-27,34.2906684875488
2020-03-30,33.4753341674805
2020-03-31,34.9333343505859
2020-04-01,32.1040000915527
2020-04-02,30.2980003356934
2020-04-03,32.0006675720215
2020-04-06,34.4160003662109
2020-04-07,36.3633346557617
2020-04-08,36.5893325805664
2020-04-09,38.2000007629395
2020-04-13,43.3966674804688
2020-04-14,47.326000213623
2020-04-15,48.6553344726562
2020-04-16,49.6806678771973
2020-04-17,50.259334564209
2020-04-20,49.7573318481445
2020-04-21,45.7813339233398
2020-04-22,48.8073348999023
2020-04-23,47.0419998168945
2020-04-24,48.343334197998
2020-04-27,53.25
2020-04-28,51.2746658325195
2020-04-29,53.3673324584961
2020-04-30,52.1253318786621
2020-05-01,46.7546653747559
2020-05-04,50.7459983825684
2020-05-05,51.2140007019043
2020-05-06,52.1720008850098
2020-05-07,52.0026664733887
2020-05-08,54.6279983520508
2020-05-11,54.0859985351562
2020-05-12,53.9606666564941
2020-05-13,52.7306671142578
2020-05-14,53.5553321838379
2020-05-15,53.2779998779297
2020-05-18,54.242000579834
2020-05-19,53.8673324584961
2020-05-20,54.3706665039062
2020-05-21,55.1733322143555
2020-05-22,54.458667755127
2020-05-26,54.5913314819336
2020-05-27,54.681999206543
2020-05-28,53.7206687927246
2020-05-29,55.6666679382324
2020-06-01,59.8733329772949
2020-06-02,58.7706680297852
2020-06-03,58.8639984130859
2020-06-04,57.6253318786621
2020-06-05,59.0439987182617
2020-06-08,63.3279991149902
2020-06-09,62.7113342285156
2020-06-10,68.336669921875
2020-06-11,64.8560028076172
2020-06-12,62.3520011901855
2020-06-15,66.0599975585938
2020-06-16,65.4753341674805
2020-06-17,66.1193313598633
2020-06-18,66.9306640625
2020-06-19,66.7266693115234
2020-06-22,66.2880020141602
2020-06-23,66.7853317260742
2020-06-24,64.0566635131836
2020-06-25,65.7320022583008
2020-06-26,63.982666015625
2020-06-29,67.2900009155273
2020-06-30,71.9873352050781
2020-07-01,74.6419982910156
2020-07-02,80.5773315429688
2020-07-06,91.4386672973633
2020-07-07,92.6573333740234
2020-07-08,91.0586700439453
2020-07-09,92.9520034790039
2020-07-10,102.976669311523
2020-07-13,99.8040008544922
2020-07-14,101.120002746582
2020-07-15,103.067329406738
2020-07-16,100.042663574219
2020-07-17,100.055999755859
2020-07-20,109.533332824707
2020-07-21,104.557334899902
2020-07-22,106.155334472656
2020-07-23,100.87133026123
2020-07-24,94.466667175293
2020-07-27,102.639999389648
2020-07-28,98.4326705932617
2020-07-29,99.9406661987305
2020-07-30,99.1660003662109
2020-07-31,95.3840026855469
2020-08-03,99
2020-08-04,99.1333312988281
2020-08-05,99.001335144043
2020-08-06,99.3053359985352
2020-08-07,96.8473358154297
2020-08-10,94.5713348388672
2020-08-11,91.6259994506836
2020-08-12,103.650665283203
2020-08-13,108.066665649414
2020-08-14,110.047332763672
2020-08-17,122.375999450684
2020-08-18,125.805999755859
2020-08-19,125.235336303711
2020-08-20,133.455337524414
2020-08-21,136.665328979492
2020-08-24,134.279998779297
2020-08-25,134.88932800293
2020-08-26,143.544662475586
2020-08-27,149.25
2020-08-28,147.559997558594
2020-08-31,166.106674194336
2020-09-01,158.350006103516
2020-09-02,149.123336791992
2020-09-03,135.66667175293
2020-09-04,139.440002441406
2020-09-08,110.069999694824
2020-09-09,122.093330383301
2020-09-10,123.779998779297
2020-09-11,124.23999786377
2020-09-14,139.873336791992
2020-09-15,149.919998168945
2020-09-16,147.253326416016
2020-09-17,141.143325805664
2020-09-18,147.383331298828
2020-09-21,149.796661376953
2020-09-22,141.410003662109
2020-09-23,126.786666870117
2020-09-24,129.263336181641
2020-09-25,135.779998779297
2020-09-28,140.399993896484
2020-09-29,139.690002441406
2020-09-30,143.003326416016
2020-10-01,149.386672973633
2020-10-02,138.363327026367
2020-10-05,141.893325805664
2020-10-06,137.99333190918
2020-10-07,141.766662597656
2020-10-08,141.973327636719
2020-10-09,144.66667175293
2020-10-12,147.433334350586
2020-10-13,148.883331298828
2020-10-14,153.766662597656
2020-10-15,149.626663208008
2020-10-16,146.556671142578
2020-10-19,143.610000610352
2020-10-20,140.646667480469
2020-10-21,140.880004882812
2020-10-22,141.929992675781
2020-10-23,140.210006713867
2020-10-26,140.093338012695
2020-10-27,141.559997558594
2020-10-28,135.339996337891
2020-10-29,136.943328857422
2020-10-30,129.346664428711
2020-11-02,133.503326416016
2020-11-03,141.300003051758
2020-11-04,140.32666015625
2020-11-05,146.029998779297
2020-11-06,143.316665649414
2020-11-09,140.419998168945
2020-11-10,136.786666870117
2020-11-11,139.043334960938
2020-11-12,137.253326416016
2020-11-13,136.16667175293
2020-11-16,136.029998779297
2020-11-17,147.203338623047
2020-11-18,162.213333129883
2020-11-19,166.42333984375
2020-11-20,163.203338623047
2020-11-23,173.949996948242
2020-11-24,185.126663208008
2020-11-25,191.33332824707
2020-11-27,195.253326416016
2020-11-30,189.199996948242
2020-12-01,194.919998168945
2020-12-02,189.606674194336
2020-12-03,197.793334960938
2020-12-04,199.679992675781
2020-12-07,213.919998168945
2020-12-08,216.626663208008
2020-12-09,201.49333190918
2020-12-10,209.023330688477
2020-12-11,203.330001831055
2020-12-14,213.276672363281
2020-12-15,211.08332824707
2020-12-16,207.589996337891
2020-12-17,218.633331298828
2020-12-18,231.66667175293
2020-12-21,216.619995117188
2020-12-22,213.446670532227
2020-12-23,215.32666015625
2020-12-24,220.589996337891
2020-12-28,221.229995727539
2020-12-29,221.996673583984
2020-12-30,231.593338012695
2020-12-31,235.223327636719
2021-01-04,243.25666809082
2021-01-05,245.036666870117
2021-01-06,251.99333190918
2021-01-07,272.013336181641
2021-01-08,293.339996337891
2021-01-11,270.396667480469
2021-01-12,283.146667480469
2021-01-13,284.803344726562
2021-01-14,281.666656494141
2021-01-15,275.386657714844
2021-01-19,281.516662597656
2021-01-20,283.483337402344
2021-01-21,281.663330078125
2021-01-22,282.213317871094
2021-01-25,293.600006103516
2021-01-26,294.363342285156
2021-01-27,288.053344726562
2021-01-28,278.476654052734
2021-01-29,264.510009765625
2021-02-01,279.936676025391
2021-02-02,290.929992675781
2021-02-03,284.896667480469
2021-02-04,283.329986572266
2021-02-05,284.07666015625
2021-02-08,287.806671142578
2021-02-09,283.1533203125
2021-02-10,268.273345947266
2021-02-11,270.553344726562
2021-02-12,272.040008544922
2021-02-16,265.406677246094
2021-02-17,266.049987792969
2021-02-18,262.459991455078
2021-02-19,260.433319091797
2021-02-22,238.16667175293
2021-02-23,232.946670532227
2021-02-24,247.339996337891
2021-02-25,227.406661987305
2021-02-26,225.16667175293
2021-03-01,239.476669311523
2021-03-02,228.813339233398
2021-03-03,217.733337402344
2021-03-04,207.146667480469
2021-03-05,199.316665649414
2021-03-08,187.66667175293
2021-03-09,224.526672363281
2021-03-10,222.686660766602
2021-03-11,233.199996948242
2021-03-12,231.24333190918
2021-03-15,235.979995727539
2021-03-16,225.626663208008
2021-03-17,233.936660766602
2021-03-18,217.720001220703
2021-03-19,218.289993286133
2021-03-22,223.33332824707
2021-03-23,220.720001220703
2021-03-24,210.089996337891
2021-03-25,213.463333129883
2021-03-26,206.236663818359
2021-03-29,203.763336181641
2021-03-30,211.873336791992
2021-03-31,222.643325805664
2021-04-01,220.58332824707
2021-04-05,230.350006103516
2021-04-06,230.539993286133
2021-04-07,223.656661987305
2021-04-08,227.933334350586
2021-04-09,225.67333984375
2021-04-12,233.99333190918
2021-04-13,254.106674194336
2021-04-14,244.07666015625
2021-04-15,246.283340454102
2021-04-16,246.593338012695
2021-04-19,238.210006713867
2021-04-20,239.663330078125
2021-04-21,248.039993286133
2021-04-22,239.896667480469
2021-04-23,243.133331298828
2021-04-26,246.066665649414
2021-04-27,234.913330078125
2021-04-28,231.466659545898
2021-04-29,225.66667175293
2021-04-30,236.479995727539
2021-05-03,228.300003051758
2021-05-04,224.533340454102
2021-05-05,223.646667480469
2021-05-06,221.179992675781
2021-05-07,224.123336791992
2021-05-10,209.679992675781
2021-05-11,205.733337402344
2021-05-12,196.630004882812
2021-05-13,190.563339233398
2021-05-14,196.580001831055
2021-05-17,192.276672363281
2021-05-18,192.623336791992
2021-05-19,187.820007324219
2021-05-20,195.593338012695
2021-05-21,193.626663208008
2021-05-24,202.146667480469
2021-05-25,201.563339233398
2021-05-26,206.376663208008
2021-05-27,210.283340454102
2021-05-28,208.406661987305
2021-06-01,207.966659545898
2021-06-02,201.706665039062
2021-06-03,190.946670532227
2021-06-04,199.683334350586
2021-06-07,201.710006713867
2021-06-08,201.196670532227
2021-06-09,199.593338012695
2021-06-10,203.373336791992
2021-06-11,203.296661376953
2021-06-14,205.896667480469
2021-06-15,199.786666870117
2021-06-16,201.623336791992
2021-06-17,205.533340454102
2021-06-18,207.770004272461
2021-06-21,206.943328857422
2021-06-22,207.903335571289
2021-06-23,218.856674194336
2021-06-24,226.606674194336
2021-06-25,223.956665039062
2021-06-28,229.573333740234
2021-06-29,226.919998168945
2021-06-30,226.566665649414
2021-07-01,225.973327636719
2021-07-02,226.300003051758
2021-07-06,219.860000610352
2021-07-07,214.883331298828
2021-07-08,217.603332519531
2021-07-09,218.983337402344
2021-07-12,228.566665649414
2021-07-13,222.846664428711
2021-07-14,217.793334960938
2021-07-15,216.866668701172
2021-07-16,214.740005493164
2021-07-19,215.406661987305
2021-07-20,220.16667175293
2021-07-21,218.429992675781
2021-07-22,216.419998168945
2021-07-23,214.460006713867
2021-07-26,219.206665039062
2021-07-27,214.926666259766
2021-07-28,215.660003662109
2021-07-29,225.783340454102
2021-07-30,229.066665649414
2021-08-02,236.556671142578
2021-08-03,236.580001831055
2021-08-04,236.973327636719
2021-08-05,238.210006713867
2021-08-06,233.033340454102
2021-08-09,237.919998168945
2021-08-10,236.663330078125
2021-08-11,235.940002441406
2021-08-12,240.75
2021-08-13,239.056671142578
2021-08-16,228.723327636719
2021-08-17,221.903335571289
2021-08-18,229.663330078125
2021-08-19,224.490005493164
2021-08-20,226.753326416016
2021-08-23,235.433334350586
2021-08-24,236.163330078125
2021-08-25,237.066665649414
2021-08-26,233.720001220703
2021-08-27,237.306671142578
2021-08-30,243.636672973633
2021-08-31,245.240005493164
2021-09-01,244.696670532227
2021-09-02,244.130004882812
2021-09-03,244.523330688477
2021-09-07,250.973327636719
2021-09-08,251.289993286133
2021-09-09,251.619995117188
2021-09-10,245.42333984375
2021-09-13,247.66667175293
2021-09-14,248.163330078125
2021-09-15,251.943328857422
2021-09-16,252.330001831055
2021-09-17,253.163330078125
2021-09-20,243.389999389648
2021-09-21,246.460006713867
2021-09-22,250.646667480469
2021-09-23,251.213333129883
2021-09-24,258.130004882812
2021-09-27,263.786682128906
2021-09-28,259.186676025391
2021-09-29,260.436676025391
2021-09-30,258.493347167969
2021-10-01,258.406677246094
2021-10-04,260.510009765625
2021-10-05,260.196655273438
2021-10-06,260.916656494141
2021-10-07,264.536682128906
2021-10-08,261.829986572266
2021-10-11,263.980010986328
2021-10-12,268.573333740234
2021-10-13,270.359985351562
2021-10-14,272.773345947266
2021-10-15,281.010009765625
2021-10-18,290.036682128906
2021-10-19,288.089996337891
2021-10-20,288.600006103516
2021-10-21,298
2021-10-22,303.226654052734
2021-10-25,341.619995117188
2021-10-26,339.476654052734
2021-10-27,345.953338623047
2021-10-28,359.013336181641
2021-10-29,371.333343505859
2021-11-01,402.863342285156
2021-11-02,390.666656494141
2021-11-03,404.619995117188
2021-11-04,409.970001220703
2021-11-05,407.363342285156
2021-11-08,387.646667480469
2021-11-09,341.166656494141
2021-11-10,355.983337402344
2021-11-11,354.503326416016
2021-11-12,344.473327636719
2021-11-15,337.796661376953
2021-11-16,351.57666015625
2021-11-17,363.003326416016
2021-11-18,365.459991455078
2021-11-19,379.019989013672
2021-11-22,385.623321533203
2021-11-23,369.676666259766
2021-11-24,372
2021-11-26,360.640014648438
2021-11-29,378.996673583984
2021-11-30,381.586669921875
2021-12-01,365
2021-12-02,361.533325195312
2021-12-03,338.323333740234
2021-12-06,336.336669921875
2021-12-07,350.583343505859
2021-12-08,356.320007324219
2021-12-09,334.600006103516
2021-12-10,339.010009765625
2021-12-13,322.136657714844
2021-12-14,319.503326416016
2021-12-15,325.329986572266
2021-12-16,308.973327636719
2021-12-17,310.856658935547
2021-12-20,299.980010986328
2021-12-21,312.843322753906
2021-12-22,336.290008544922
2021-12-23,355.666656494141
2021-12-27,364.646667480469
2021-12-28,362.823333740234
2021-12-29,362.063323974609
2021-12-30,356.779998779297
2021-12-31,352.260009765625
2022-01-03,399.926666259766
2022-01-04,383.196655273438
2022-01-05,362.706665039062
2022-01-06,354.899993896484
2022-01-07,342.320007324219
2022-01-10,352.706665039062
2022-01-11,354.799987792969
2022-01-12,368.739990234375
2022-01-13,343.853332519531
2022-01-14,349.869995117188
2022-01-18,343.503326416016
2022-01-19,331.883331298828
2022-01-20,332.089996337891
2022-01-21,314.633331298828
2022-01-24,310
2022-01-25,306.133331298828
2022-01-26,312.470001220703
2022-01-27,276.366668701172
2022-01-28,282.116668701172
2022-01-31,312.239990234375
2022-02-01,310.416656494141
2022-02-02,301.886657714844
2022-02-03,297.046661376953
2022-02-04,307.773345947266
2022-02-07,302.446655273438
2022-02-08,307.333343505859
2022-02-09,310.666656494141
2022-02-10,301.516662597656
2022-02-11,286.666656494141
2022-02-14,291.920013427734
2022-02-15,307.476654052734
2022-02-16,307.796661376953
2022-02-17,292.116668701172
2022-02-18,285.660003662109
2022-02-22,273.843322753906
2022-02-23,254.679992675781
2022-02-24,266.92333984375
2022-02-25,269.956665039062
2022-02-28,290.143341064453
2022-03-01,288.123321533203
2022-03-02,293.296661376953
2022-03-03,279.763336181641
2022-03-04,279.429992675781
2022-03-07,268.193328857422
2022-03-08,274.799987792969
2022-03-09,286.323333740234
2022-03-10,279.433319091797
2022-03-11,265.116668701172
2022-03-14,255.456665039062
2022-03-15,267.296661376953
2022-03-16,280.07666015625
2022-03-17,290.533325195312
2022-03-18,301.796661376953
2022-03-21,307.053344726562
2022-03-22,331.32666015625
2022-03-23,333.036682128906
2022-03-24,337.973327636719
2022-03-25,336.880004882812
2022-03-28,363.946655273438
2022-03-29,366.523345947266
2022-03-30,364.663330078125
2022-03-31,359.200012207031
2022-04-01,361.529998779297
2022-04-04,381.816680908203
2022-04-05,363.753326416016
2022-04-06,348.586669921875
2022-04-07,352.420013427734
2022-04-08,341.829986572266
2022-04-11,325.309997558594
2022-04-12,328.983337402344
2022-04-13,340.790008544922
2022-04-14,328.333343505859
2022-04-18,334.763336181641
2022-04-19,342.716674804688
2022-04-20,325.733337402344
2022-04-21,336.260009765625
2022-04-22,335.016662597656
2022-04-25,332.67333984375
2022-04-26,292.140014648438
2022-04-27,293.836669921875
2022-04-28,292.503326416016
2022-04-29,290.253326416016
2022-05-02,300.980010986328
2022-05-03,303.083343505859
2022-05-04,317.540008544922
2022-05-05,291.093322753906
2022-05-06,288.549987792969
2022-05-09,262.369995117188
2022-05-10,266.679992675781
2022-05-11,244.66667175293
2022-05-12,242.66667175293
2022-05-13,256.529998779297
2022-05-16,241.456665039062
2022-05-17,253.869995117188
2022-05-18,236.603332519531
2022-05-19,236.473327636719
2022-05-20,221.300003051758
2022-05-23,224.966659545898
2022-05-24,209.386672973633
2022-05-25,219.600006103516
2022-05-26,235.910003662109
2022-05-27,253.210006713867
2022-05-31,252.753326416016
2022-06-01,246.789993286133
2022-06-02,258.333343505859
2022-06-03,234.516662597656
2022-06-06,238.279998779297
2022-06-07,238.886672973633
2022-06-08,241.866668701172
2022-06-09,239.706665039062
2022-06-10,232.229995727539
2022-06-13,215.736663818359
2022-06-14,220.889999389648
2022-06-15,233
2022-06-16,213.100006103516
2022-06-17,216.759994506836
2022-06-21,237.036666870117
2022-06-22,236.086669921875
2022-06-23,235.070007324219
2022-06-24,245.706665039062
2022-06-27,244.919998168945
2022-06-28,232.663330078125
2022-06-29,228.490005493164
2022-06-30,224.473327636719
2022-07-01,227.263336181641
2022-07-05,233.066665649414
2022-07-06,231.733337402344
2022-07-07,244.543334960938
2022-07-08,250.763336181641
2022-07-11,234.343338012695
2022-07-12,233.070007324219
2022-07-13,237.039993286133
2022-07-14,238.313339233398
2022-07-15,240.066665649414
2022-07-18,240.546661376953
2022-07-19,245.529998779297
2022-07-20,247.5
2022-07-21,271.706665039062
2022-07-22,272.243347167969
2022-07-25,268.433319091797
2022-07-26,258.859985351562
2022-07-27,274.820007324219
2022-07-28,280.899993896484
2022-07-29,297.149993896484
2022-08-01,297.276672363281
2022-08-02,300.586669921875
2022-08-03,307.396667480469
2022-08-04,308.633331298828
2022-08-05,288.170013427734
2022-08-08,290.42333984375
2022-08-09,283.333343505859
2022-08-10,294.356658935547
2022-08-11,286.630004882812
2022-08-12,300.029998779297
2022-08-15,309.320007324219
2022-08-16,306.563323974609
2022-08-17,303.996673583984
2022-08-18,302.869995117188
2022-08-19,296.666656494141
2022-08-22,289.913330078125
2022-08-23,296.453338623047
2022-08-24,297.0966796875
2022-08-25,296.070007324219
2022-08-26,288.089996337891
2022-08-29,284.820007324219
2022-08-30,277.700012207031
2022-08-31,275.609985351562
2022-09-01,277.160003662109
2022-09-02,270.209991455078
2022-09-06,274.420013427734
2022-09-07,283.700012207031
2022-09-08,289.260009765625
2022-09-09,299.679992675781
2022-09-12,304.420013427734
2022-09-13,292.130004882812
2022-09-14,302.609985351562
2022-09-15,303.75
2022-09-16,303.350006103516
2022-09-19,309.070007324219
2022-09-20,308.730010986328
2022-09-21,300.799987792969
2022-09-22,288.589996337891
2022-09-23,275.329986572266
2022-09-26,276.010009765625
2022-09-27,282.940002441406
2022-09-28,287.809997558594
2022-09-29,268.209991455078
2022-09-30,265.25
2022-10-03,242.399993896484
2022-10-04,249.440002441406
2022-10-05,240.809997558594
2022-10-06,238.130004882812
2022-10-07,223.070007324219
2022-10-10,222.960006713867
2022-10-11,216.5
2022-10-12,217.240005493164
2022-10-13,221.720001220703
2022-10-14,204.990005493164
2022-10-17,219.350006103516
2022-10-18,220.190002441406
2022-10-19,222.039993286133
2022-10-20,207.279998779297
2022-10-21,214.440002441406
2022-10-24,211.25
2022-10-25,222.419998168945
2022-10-26,224.639999389648
2022-10-27,225.089996337891
2022-10-28,228.520004272461
2022-10-31,227.539993286133
2022-11-01,227.820007324219
2022-11-02,214.979995727539
2022-11-03,215.309997558594
2022-11-04,207.470001220703
2022-11-07,197.080001831055
2022-11-08,191.300003051758
2022-11-09,177.589996337891
2022-11-10,190.720001220703
2022-11-11,195.970001220703
2022-11-14,190.949996948242
2022-11-15,194.419998168945
2022-11-16,186.919998168945
2022-11-17,183.169998168945
2022-11-18,180.190002441406
2022-11-21,167.869995117188
2022-11-22,169.910003662109
2022-11-23,183.199996948242
2022-11-25,182.860000610352
2022-11-28,182.919998168945
2022-11-29,180.830001831055
2022-11-30,194.699996948242
2022-12-01,194.699996948242
2022-12-02,194.860000610352
2022-12-05,182.449996948242
2022-12-06,179.820007324219
2022-12-07,174.039993286133
2022-12-08,173.440002441406
2022-12-09,179.050003051758
2022-12-12,167.820007324219
2022-12-13,160.949996948242
2022-12-14,156.800003051758
2022-12-15,157.669998168945
2022-12-16,150.229995727539
2022-12-19,149.869995117188
2022-12-20,137.800003051758
2022-12-21,137.570007324219
2022-12-22,125.349998474121
2022-12-23,123.150001525879
2022-12-27,109.099998474121
2022-12-28,112.709999084473
2022-12-29,121.819999694824
2022-12-30,123.180000305176
2023-01-03,108.099998474121
2023-01-04,113.639999389648
2023-01-05,110.339996337891
2023-01-06,113.059997558594
2023-01-09,119.769996643066
2023-01-10,118.849998474121
2023-01-11,123.220001220703
2023-01-12,123.559997558594
2023-01-13,122.400001525879
2023-01-17,131.490005493164
2023-01-18,128.779998779297
2023-01-19,127.169998168945
2023-01-20,133.419998168945
2023-01-23,143.75
2023-01-24,143.889999389648
2023-01-25,144.429992675781
2023-01-26,160.270004272461
2023-01-27,177.899993896484
2023-01-30,166.660003662109
2023-01-31,173.220001220703
2023-02-01,181.410003662109
2023-02-02,188.270004272461
2023-02-03,189.979995727539
2023-02-06,194.759994506836
2023-02-07,196.809997558594
2023-02-08,201.289993286133
2023-02-09,207.320007324219
2023-02-10,196.889999389648
2023-02-13,194.639999389648
2023-02-14,209.25
2023-02-15,214.240005493164
2023-02-16,202.039993286133
2023-02-17,208.309997558594
2023-02-21,197.369995117188
2023-02-22,200.860000610352
2023-02-23,202.070007324219
2023-02-24,196.880004882812
2023-02-27,207.630004882812
2023-02-28,205.710006713867
2023-03-01,202.770004272461
2023-03-02,190.899993896484
2023-03-03,197.789993286133
2023-03-06,193.809997558594
2023-03-07,187.710006713867
2023-03-08,182
2023-03-09,172.919998168945
2023-03-10,173.440002441406
2023-03-13,174.479995727539
2023-03-14,183.259994506836
2023-03-15,180.449996948242
2023-03-16,184.130004882812
2023-03-17,180.130004882812
2023-03-20,183.25
2023-03-21,197.580001831055
2023-03-22,191.149993896484
2023-03-23,192.220001220703
2023-03-24,190.410003662109
2023-03-27,191.809997558594
2023-03-28,189.190002441406
2023-03-29,193.880004882812
2023-03-30,195.279998779297
2023-03-31,207.460006713867
2023-04-03,194.770004272461
2023-04-04,192.580001831055
2023-04-05,185.520004272461
2023-04-06,185.059997558594
2023-04-10,184.509994506836
2023-04-11,186.789993286133
2023-04-12,180.539993286133
2023-04-13,185.899993896484
2023-04-14,185
2023-04-17,187.039993286133
2023-04-18,184.309997558594
2023-04-19,180.589996337891
2023-04-20,162.990005493164
2023-04-21,165.080001831055
2023-04-24,162.550003051758
2023-04-25,160.669998168945
2023-04-26,153.75
2023-04-27,160.190002441406
2023-04-28,164.309997558594
2023-05-01,161.830001831055
2023-05-02,160.309997558594
2023-05-03,160.610000610352
2023-05-04,161.199996948242
2023-05-05,170.059997558594
2023-05-08,171.789993286133
2023-05-09,169.149993896484
2023-05-10,168.539993286133
2023-05-11,172.080001831055
2023-05-12,167.979995727539
2023-05-15,166.350006103516
2023-05-16,166.520004272461
2023-05-17,173.860000610352
2023-05-18,176.889999389648
2023-05-19,180.139999389648
2023-05-22,188.869995117188
2023-05-23,185.770004272461
2023-05-24,182.899993896484
2023-05-25,184.470001220703
2023-05-26,193.169998168945
2023-05-30,201.160003662109
2023-05-31,203.929992675781
2023-06-01,207.520004272461
2023-06-02,213.970001220703
2023-06-05,217.610000610352
2023-06-06,221.309997558594
2023-06-07,224.570007324219
2023-06-08,234.860000610352
2023-06-09,244.399993896484
2023-06-12,249.830001831055
2023-06-13,258.709991455078
2023-06-14,256.790008544922
2023-06-15,255.899993896484
2023-06-16,260.540008544922
2023-06-20,274.450012207031
2023-06-21,259.459991455078
2023-06-22,264.609985351562
2023-06-23,256.600006103516
2023-06-26,241.050003051758
2023-06-27,250.210006713867
2023-06-28,256.239990234375
2023-06-29,257.5
2023-06-30,261.769989013672
2023-07-03,279.820007324219
2023-07-05,282.480010986328
2023-07-06,276.540008544922
2023-07-07,274.429992675781
2023-07-10,269.609985351562
2023-07-11,269.790008544922
2023-07-12,271.989990234375
2023-07-13,277.899993896484
2023-07-14,281.380004882812
2023-07-17,290.380004882812
2023-07-18,293.339996337891
2023-07-19,291.260009765625
2023-07-20,262.899993896484
2023-07-21,260.019989013672
2023-07-24,269.059997558594
2023-07-25,265.279998779297
2023-07-26,264.350006103516
2023-07-27,255.710006713867
2023-07-28,266.440002441406
2023-07-31,267.429992675781
2023-08-01,261.070007324219
2023-08-02,254.110000610352
2023-08-03,259.320007324219
2023-08-04,253.860000610352
2023-08-07,251.449996948242
2023-08-08,249.699996948242
2023-08-09,242.190002441406
2023-08-10,245.339996337891
2023-08-11,242.649993896484
2023-08-14,239.759994506836
2023-08-15,232.960006713867
2023-08-16,225.600006103516
2023-08-17,219.220001220703
2023-08-18,215.490005493164
2023-08-21,231.279998779297
2023-08-22,233.190002441406
2023-08-23,236.860000610352
2023-08-24,230.039993286133
2023-08-25,238.589996337891
2023-08-28,238.820007324219
2023-08-29,257.179992675781
2023-08-30,256.899993896484
2023-08-31,258.079986572266
2023-09-01,245.009994506836
2023-09-05,256.489990234375
2023-09-06,251.919998168945
2023-09-07,251.490005493164
2023-09-08,248.5
2023-09-11,273.579986572266
2023-09-12,267.480010986328
2023-09-13,271.299987792969
2023-09-14,276.040008544922
2023-09-15,274.390014648438
2023-09-18,265.279998779297
2023-09-19,266.5
2023-09-20,262.589996337891
2023-09-21,255.699996948242
2023-09-22,244.880004882812
2023-09-25,246.990005493164
2023-09-26,244.119995117188
2023-09-27,240.5
2023-09-28,246.380004882812
2023-09-29,250.220001220703
2023-10-02,251.600006103516
2023-10-03,246.529998779297
2023-10-04,261.160003662109
2023-10-05,260.049987792969
2023-10-06,260.529998779297
2023-10-09,259.670013427734
2023-10-10,263.619995117188
2023-10-11,262.989990234375
2023-10-12,258.869995117188
2023-10-13,251.119995117188
2023-10-16,253.919998168945
2023-10-17,254.850006103516
2023-10-18,242.679992675781
2023-10-19,220.110000610352
2023-10-20,211.990005493164
2023-10-23,212.080001831055
2023-10-24,216.520004272461
2023-10-25,212.419998168945
2023-10-26,205.759994506836
2023-10-27,207.300003051758
2023-10-30,197.360000610352
2023-10-31,200.839996337891
2023-11-01,205.660003662109
2023-11-02,218.509994506836
2023-11-03,219.960006713867
2023-11-06,219.270004272461
2023-11-07,222.179992675781
2023-11-08,222.110000610352
2023-11-09,209.979995727539
2023-11-10,214.649993896484
2023-11-13,223.710006713867
2023-11-14,237.410003662109
2023-11-15,242.839996337891
2023-11-16,233.589996337891
2023-11-17,234.300003051758
2023-11-20,235.600006103516
2023-11-21,241.199996948242
2023-11-22,234.210006713867
2023-11-24,235.449996948242
2023-11-27,236.080001831055
2023-11-28,246.720001220703
2023-11-29,244.139999389648
2023-11-30,240.080001831055
2023-12-01,238.830001831055
2023-12-04,235.580001831055
2023-12-05,238.720001220703
2023-12-06,239.369995117188
2023-12-07,242.639999389648
2023-12-08,243.839996337891
2023-12-11,239.740005493164
2023-12-12,237.009994506836
2023-12-13,239.289993286133
2023-12-14,251.050003051758
2023-12-15,253.5
2023-12-18,252.080001831055
2023-12-19,257.220001220703
2023-12-20,247.139999389648
2023-12-21,254.5
2023-12-22,252.539993286133
2023-12-26,256.609985351562
2023-12-27,261.440002441406
2023-12-28,253.179992675781
2023-12-29,248.479995727539
2024-01-02,248.419998168945
2024-01-03,238.449996948242
2024-01-04,237.929992675781
2024-01-05,237.490005493164
2024-01-08,240.449996948242
2024-01-09,234.960006713867
2024-01-10,233.940002441406
2024-01-11,227.220001220703
2024-01-12,218.889999389648
2024-01-16,219.910003662109
2024-01-17,215.550003051758
2024-01-18,211.880004882812
2024-01-19,212.190002441406
2024-01-22,208.800003051758
2024-01-23,209.139999389648
2024-01-24,207.830001831055
2024-01-25,182.630004882812
2024-01-26,183.25
2024-01-29,190.929992675781
2024-01-30,191.589996337891
2024-01-31,187.289993286133
2024-02-01,188.860000610352
2024-02-02,187.910003662109
2024-02-05,181.059997558594
2024-02-06,185.100006103516
2024-02-07,187.580001831055
2024-02-08,189.559997558594
2024-02-09,193.570007324219
2024-02-12,188.130004882812
2024-02-13,184.020004272461
2024-02-14,188.710006713867
2024-02-15,200.449996948242
2024-02-16,199.949996948242
2024-02-20,193.759994506836
2024-02-21,194.770004272461
2024-02-22,197.410003662109
2024-02-23,191.970001220703
2024-02-26,199.399993896484
2024-02-27,199.729995727539
2024-02-28,202.039993286133
2024-02-29,201.880004882812
2024-03-01,202.639999389648
2024-03-04,188.139999389648
2024-03-05,180.740005493164
2024-03-06,176.539993286133
2024-03-07,178.649993896484
2024-03-08,175.339996337891
2024-03-11,177.770004272461
2024-03-12,177.539993286133
2024-03-13,169.479995727539
2024-03-14,162.5
2024-03-15,163.570007324219
2024-03-18,173.800003051758
2024-03-19,171.320007324219
2024-03-20,175.660003662109
2024-03-21,172.820007324219
2024-03-22,170.830001831055
2024-03-25,172.630004882812
2024-03-26,177.669998168945
2024-03-27,179.830001831055
2024-03-28,175.789993286133
2024-04-01,175.220001220703
2024-04-02,166.630004882812
2024-04-03,168.380004882812
2024-04-04,171.110000610352
2024-04-05,164.899993896484
2024-04-08,172.979995727539
2024-04-09,176.880004882812
2024-04-10,171.759994506836
2024-04-11,174.600006103516
2024-04-12,171.050003051758
2024-04-15,161.479995727539
2024-04-16,157.110000610352
2024-04-17,155.449996948242
2024-04-18,149.929992675781
2024-04-19,147.050003051758
2024-04-22,142.050003051758
2024-04-23,144.679992675781
2024-04-24,162.130004882812
2024-04-25,170.179992675781
2024-04-26,168.289993286133
2024-04-29,194.050003051758
2024-04-30,183.279998779297
2024-05-01,179.990005493164
2024-05-02,180.009994506836
2024-05-03,181.190002441406
2024-05-06,184.759994506836
2024-05-07,177.809997558594
2024-05-08,174.720001220703
2024-05-09,171.970001220703
2024-05-10,168.470001220703
2024-05-13,171.889999389648
2024-05-14,177.550003051758
2024-05-15,173.990005493164
2024-05-16,174.839996337891
2024-05-17,177.460006713867
2024-05-20,174.949996948242
2024-05-21,186.600006103516
2024-05-22,180.110000610352
2024-05-23,173.740005493164
2024-05-24,179.240005493164
2024-05-28,176.75
2024-05-29,176.190002441406
2024-05-30,178.789993286133
2024-05-31,178.080001831055
2024-06-03,176.289993286133
2024-06-04,174.770004272461
2024-06-05,175
2024-06-06,177.940002441406
2024-06-07,177.479995727539
2024-06-10,173.789993286133
2024-06-11,170.660003662109
2024-06-12,177.289993286133
2024-06-13,182.470001220703
2024-06-14,178.009994506836
2024-06-17,187.440002441406
2024-06-18,184.860000610352
2024-06-20,181.570007324219
2024-06-21,183.009994506836
2024-06-24,182.580001831055
2024-06-25,187.350006103516
2024-06-26,196.369995117188
2024-06-27,197.419998168945
2024-06-28,197.880004882812
2024-07-01,209.860000610352
2024-07-02,231.259994506836
2024-07-03,246.389999389648
2024-07-05,251.520004272461
2024-07-08,252.940002441406
2024-07-09,262.329986572266
2024-07-10,263.260009765625
2024-07-11,241.029998779297
2024-07-12,248.229995727539
2024-07-15,252.639999389648
2024-07-16,256.559997558594
2024-07-17,248.5
2024-07-18,249.229995727539
2024-07-19,239.199996948242
2024-07-22,251.509994506836
2024-07-23,246.380004882812
2024-07-24,215.990005493164
2024-07-25,220.25
2024-07-26,219.800003051758
2024-07-29,232.100006103516
2024-07-30,222.619995117188
2024-07-31,232.070007324219
2024-08-01,216.860000610352
2024-08-02,207.669998168945
2024-08-05,198.880004882812
2024-08-06,200.639999389648
2024-08-07,191.759994506836
2024-08-08,198.839996337891
2024-08-09,200
2024-08-12,197.490005493164
2024-08-13,207.830001831055
2024-08-14,201.380004882812
2024-08-15,214.139999389648
2024-08-16,216.119995117188
2024-08-19,222.720001220703
2024-08-20,221.100006103516
2024-08-21,223.270004272461
2024-08-22,210.660003662109
2024-08-23,220.320007324219
2024-08-26,213.210006713867
2024-08-27,209.210006713867
2024-08-28,205.75
2024-08-29,206.279998779297
2024-08-30,214.110000610352
2024-09-03,210.600006103516
2024-09-04,219.410003662109
2024-09-05,230.169998168945
2024-09-06,210.729995727539
2024-09-09,216.270004272461
2024-09-10,226.169998168945
2024-09-11,228.130004882812
2024-09-12,229.809997558594
2024-09-13,230.289993286133
2024-09-16,226.779998779297
2024-09-17,227.869995117188
2024-09-18,227.199996948242
2024-09-19,243.919998168945
2024-09-20,238.25
2024-09-23,250
2024-09-24,254.270004272461
2024-09-25,257.019989013672
2024-09-26,254.220001220703
2024-09-27,260.459991455078
2024-09-30,261.630004882812
2024-10-01,258.019989013672
2024-10-02,249.020004272461
2024-10-03,240.660003662109
2024-10-04,250.080001831055
2024-10-07,240.830001831055
2024-10-08,244.5
2024-10-09,241.050003051758
2024-10-10,238.770004272461
2024-10-11,217.800003051758
2024-10-14,219.160003662109
2024-10-15,219.570007324219
2024-10-16,221.330001831055
2024-10-17,220.889999389648
2024-10-18,220.699996948242
2024-10-21,218.850006103516
2024-10-22,217.970001220703
2024-10-23,213.649993896484
2024-10-24,260.480010986328
2024-10-25,269.190002441406
2024-10-28,262.510009765625
2024-10-29,259.519989013672
2024-10-30,257.549987792969
2024-10-31,249.850006103516
2024-11-01,248.979995727539
2024-11-04,242.839996337891
2024-11-05,251.440002441406
2024-11-06,288.529998779297
2024-11-07,296.910003662109
2024-11-08,321.220001220703
2024-11-11,350
2024-11-12,328.489990234375
2024-11-13,330.239990234375
2024-11-14,311.179992675781
2024-11-15,320.720001220703
2024-11-18,338.739990234375
2024-11-19,346
2024-11-20,342.029998779297
2024-11-21,339.640014648438
2024-11-22,352.559997558594
2024-11-25,338.589996337891
2024-11-26,338.230010986328
2024-11-27,332.890014648438
2024-11-29,345.160003662109
2024-12-02,357.089996337891
2024-12-03,351.420013427734
2024-12-04,357.929992675781
2024-12-05,369.489990234375
2024-12-06,389.220001220703
2024-12-09,389.790008544922
2024-12-10,400.989990234375
2024-12-11,424.769989013672
2024-12-12,418.100006103516
2024-12-13,436.230010986328
2024-12-16,463.019989013672
2024-12-17,479.859985351562
2024-12-18,440.130004882812
2024-12-19,436.170013427734
2024-12-20,421.059997558594
2024-12-23,430.600006103516
2024-12-24,462.279998779297
2024-12-26,454.130004882812
2024-12-27,431.660003662109
2024-12-30,417.410003662109
