"fecha","retorno"
2013-01-03,-0.0168260932238139
2013-01-04,-0.0106985373585575
2013-01-07,-0.00174568662821362
2013-01-08,-0.019406734307793
2013-01-09,-0.00118805566620117
2013-01-10,-0.0032755697145993
2013-01-11,-0.0186638305176474
2013-01-14,0.0105787932215058
2013-01-15,0.0190596513818091
2013-01-16,0.00588225945820098
2013-01-17,0.00817775446301339
2013-01-18,0.00406367581454625
2013-01-22,0.019223232731628
2013-01-23,0.0227570455585416
2013-01-24,0.0271286601370793
2013-01-25,-0.000270553693937026
2013-01-28,0.0279980735523483
2013-01-29,-0.00210566565478121
2013-01-30,-0.0113955023468212
2013-01-31,-0.000266254731276061
2013-02-01,0.0208420474359292
2013-02-04,-0.0147292300631835
2013-02-05,0.0102808428012574
2013-02-06,0.0269095835669204
2013-02-07,0.00788322377438166
2013-02-08,-0.00609759233388218
2013-02-11,-0.0211186064500136
2013-02-12,-0.0138907700950132
2013-02-13,0.0146713452861256
2013-02-14,-0.00469242995625752
2013-02-15,-0.0326679015930036
2013-02-19,0.0587173199055581
2013-02-20,-0.0190190047177655
2013-02-21,-0.0917874470723169
2013-02-22,0.0266605381711127
2013-02-25,-0.049094630027177
2013-02-26,0.00145306823370972
2013-02-27,0.0192730014705054
2013-02-28,-0.00772199791417949
2013-03-01,-0.00518139501270798
2013-03-04,0.0264859725273324
2013-03-05,0.0296295818996665
2013-03-06,0.027981661043306
2013-03-07,0.0142257441274495
2013-03-08,0.00625818099538433
2013-03-11,0.0162437694378393
2013-03-12,0.000511249628739829
2013-03-13,-0.00358507420964027
2013-03-14,-0.0561930538083295
2013-03-15,-0.0432559134891974
2013-03-18,-0.00397534048856862
2013-03-19,-0.00199320445721796
2013-03-20,0.0244979506924571
2013-03-21,0.00166757180775523
2013-03-22,0.016797628868751
2013-03-25,0.0245462250601999
2013-03-26,0.00875446731975837
2013-03-27,0.00789269352128152
2013-03-28,-0.00710057725057067
2013-04-01,0.147910361096719
2013-04-02,0.00928963932648652
2013-04-03,-0.0758791095320006
2013-04-04,0.0218996961782769
2013-04-05,-0.015351878032462
2013-04-08,0.0110579487959885
2013-04-09,-0.0323119001514243
2013-04-10,0.0330288651290962
2013-04-11,0.0404968745616048
2013-04-12,0.00366399033113818
2013-04-15,-0.0103389667513141
2013-04-16,0.0515355640842845
2013-04-17,-0.00307550794677214
2013-04-18,0.0328962184031891
2013-04-19,0.0181441511304314
2013-04-22,0.0481626098411694
2013-04-23,0.0162059853231535
2013-04-24,-0.0114355431944302
2013-04-25,0.0306575638412789
2013-04-26,-0.0155043799645034
2013-04-29,0.0705023649583745
2013-04-30,-0.0174430166005795
2013-05-01,-0.0132377257996263
2013-05-02,0.015457864847894
2013-05-03,0.0080989035915735
2013-05-06,0.0868585731120832
2013-05-07,-0.0694131317150657
2013-05-08,0.00503128538005382
2013-05-09,0.218292410130139
2013-05-10,0.100796648898294
2013-05-13,0.134377849708433
2013-05-14,-0.0533334843964908
2013-05-15,0.0190391953001932
2013-05-16,0.0837351444508032
2013-05-17,-0.00816334178006506
2013-05-20,-0.0171962064790541
2013-05-21,-0.0264759612470631
2013-05-22,-0.00400385021151339
2013-05-23,0.0610291320190348
2013-05-24,0.045843328990822
2013-05-28,0.127940409532246
2013-05-29,-0.053045508994682
2013-05-30,0.00305378053975125
2013-05-31,-0.070968631808771
2013-06-03,-0.0543342462304504
2013-06-04,0.0240101304375993
2013-06-05,0.00557269919627035
2013-06-06,0.0205486641597001
2013-06-07,0.0470522664440269
2013-06-10,-0.0196948905272718
2013-06-11,-0.0573877710979653
2013-06-12,0.03392624878012
2013-06-13,0.00459391359325756
2013-06-14,0.021363275912988
2013-06-17,0.0187658942552662
2013-06-18,0.0115766334555731
2013-06-19,0.0123998268754768
2013-06-20,-0.0392589364719391
2013-06-21,-0.0109891109749378
2013-06-24,0.0193001942193605
2013-06-25,0.00892649580447791
2013-06-26,0.0319073328902164
2013-06-27,0.0328446944314122
2013-06-28,-0.0174511518551406
2013-07-01,0.0875235759497974
2013-07-02,0.00544691406910403
2013-07-03,-0.0221411775238889
2013-07-05,0.0412244825725989
2013-07-08,0.0125777771317259
2013-07-09,0.0150169756842229
2013-07-10,-0.00960450466779639
2013-07-11,0.0269501649098078
2013-07-12,0.0335830856448518
2013-07-15,-0.0205326439718081
2013-07-16,-0.154425772060848
2013-07-17,0.0977665062002162
2013-07-18,-0.0101975043902787
2013-07-19,0.00544603689491474
2013-07-22,0.0227178729018385
2013-07-23,0.00252890900518832
2013-07-24,-0.00850938273615265
2013-07-25,0.0192869229160508
2013-07-26,0.0419852953886752
2013-07-29,0.0396248404437665
2013-07-30,-0.0216256472605849
2013-07-31,0.0190967952248919
2013-08-01,0.00941346384598951
2013-08-02,0.0179130659665896
2013-08-05,0.0472707381764472
2013-08-06,-0.0176414866810153
2013-08-07,-0.0573281799361127
2013-08-08,0.13401556369374
2013-08-09,-0.00313239698527834
2013-08-12,-0.0374236877569651
2013-08-13,-0.0133194268969454
2013-08-14,-0.0426342842416414
2013-08-15,0.00222192578599811
2013-08-16,0.0165446817460086
2013-08-19,0.0202167222013987
2013-08-20,0.0317875454740397
2013-08-21,-0.0115655140975126
2013-08-22,0.0606166827824519
2013-08-23,0.0297256461125581
2013-08-26,0.01459879429706
2013-08-27,0.0168466870037576
2013-08-28,-0.00335865493306642
2013-08-29,-0.00234579712274385
2013-08-30,0.0175495539492116
2013-09-03,-0.000355151535968101
2013-09-04,0.00989528006494833
2013-09-05,-0.00405231618362123
2013-09-06,-0.0175724321817716
2013-09-09,-0.03827490340707
2013-09-10,0.0346749749629662
2013-09-11,-0.0172789655585115
2013-09-12,0.00858582232990246
2013-09-13,0.00369179478334969
2013-09-16,0.00626279377842609
2013-09-17,-0.00210332246685185
2013-09-18,-6.01550632506331e-05
2013-09-19,0.0680217774510266
2013-09-20,0.0302810450099562
2013-09-23,-0.0125104078049811
2013-09-24,0.00671355769175763
2013-09-25,0.0158340703235593
2013-09-26,0.0181882145852112
2013-09-27,0.011909334905905
2013-09-30,0.0128556085386591
2013-10-01,-0.00191519843266885
2013-10-02,-0.0644695130763426
2013-10-03,-0.0431387958341132
2013-10-04,0.0433046407860624
2013-10-07,0.0114820974982033
2013-10-08,-0.0466266453923398
2013-10-09,-0.034645903922077
2013-10-10,0.0242908774332529
2013-10-11,0.0328214327974652
2013-10-14,0.0056916488521308
2013-10-15,0.0232095824482252
2013-10-16,-0.0020680337607959
2013-10-17,-0.00414886394929104
2013-10-18,0.00327689747410487
2013-10-21,-0.0606928006051324
2013-10-22,-0.00616035531594683
2013-10-23,-0.0419058476361971
2013-10-24,0.0512476300294189
2013-10-25,-0.0203617794073825
2013-10-28,-0.0409055449874449
2013-10-29,0.00983732014212979
2013-10-30,-0.0324413230652572
2013-10-31,0.00451188261096869
2013-11-01,0.013846307487503
2013-11-04,0.0772830952356935
2013-11-05,0.00914743731375456
2013-11-06,-0.156736751854189
2013-11-07,-0.0783406927874926
2013-11-08,-0.0131068911085825
2013-11-11,0.0477713129440511
2013-11-12,-0.0488591761256383
2013-11-13,0.00650991043658999
2013-11-14,-0.00796244596961415
2013-11-15,-0.0157483685194282
2013-11-18,-0.108030057266751
2013-11-19,0.0364234723291119
2013-11-20,-0.0402966860773271
2013-11-21,0.00814115534905957
2013-11-22,-0.00591430194336029
2013-11-25,-0.0044587951375088
2013-11-26,-0.00281763659680134
2013-11-27,0.0520649386228063
2013-11-29,0.00267476867798599
2013-12-02,-0.0247378172346249
2013-12-03,0.1530110394555
2013-12-04,-0.0405484643220713
2013-12-05,0.0109508971368859
2013-12-06,-0.022459830920047
2013-12-09,0.0304009157760321
2013-12-10,0.00415801140623406
2013-12-11,-0.0180248107521352
2013-12-12,0.0544854102100749
2013-12-13,0.0012198514744326
2013-12-16,0.00196222930053036
2013-12-17,0.0300953945758016
2013-12-18,-0.029825167510428
2013-12-19,-0.0503049531863153
2013-12-20,0.0177493679687988
2013-12-23,0.00216190438258534
2013-12-24,0.0533080007369815
2013-12-26,0.0266543684699347
2013-12-27,-0.0285714898956808
2013-12-30,0.00869688182411332
2013-12-31,-0.0132731979993421
2014-01-02,-0.00219615215827851
2014-01-03,-0.00360411361181656
2014-01-06,-0.0172650658027109
2014-01-07,0.0159268204575724
2014-01-08,0.0127729517577819
2014-01-09,-0.0251008805872699
2014-01-10,-0.0123444584510515
2014-01-13,-0.0447700487214608
2014-01-14,0.146162979306813
2014-01-15,0.0175788623001263
2014-01-16,0.0408292494607925
2014-01-17,-0.00563085522596918
2014-01-21,0.038483026689784
2014-01-22,0.0105844496780265
2014-01-23,0.0163309823247046
2014-01-24,-0.0387580123307392
2014-01-27,-0.0289370663762223
2014-01-28,0.0503555163941787
2014-01-29,-0.0178167124833299
2014-01-30,0.0425120125674976
2014-01-31,-0.00785177140462334
2014-02-03,-0.023988671991241
2014-02-04,0.00910526234753739
2014-02-05,-0.0244100358473753
2014-02-06,0.0224499168115346
2014-02-07,0.0446759545936533
2014-02-10,0.0523756576873491
2014-02-11,0.000305181606160776
2014-02-12,-0.00663372311831267
2014-02-13,0.0218264982881107
2014-02-14,-0.00703774563738468
2014-02-18,0.0272203712765324
2014-02-19,-0.0506475606201393
2014-02-20,0.0809639167307026
2014-02-21,-0.00176371945834308
2014-02-24,0.0376873295055069
2014-02-25,0.130540431628912
2014-02-26,0.0199607808651527
2014-02-27,-0.00181981797265474
2014-02-28,-0.0310872420425685
2014-03-03,0.0232160048691341
2014-03-04,0.0169373893662379
2014-03-05,-0.00859112723770039
2014-03-06,0.00110762793648211
2014-03-07,-0.0269675278346382
2014-03-10,-0.0303909390189605
2014-03-11,-0.0187221867578562
2014-03-12,0.0297563542530854
2014-03-13,-0.0154400887279018
2014-03-14,-0.0291001265009014
2014-03-17,0.0129478556718676
2014-03-18,0.0255698917733818
2014-03-19,-0.0176519503517474
2014-03-20,-0.0039511035586699
2014-03-21,-0.0259610156602279
2014-03-24,-0.0388414885804487
2014-03-25,0.00122554987159429
2014-03-26,-0.0345212009380211
2014-03-27,-0.0268408905764934
2014-03-28,0.0240665716658941
2014-03-31,-0.0186308416536929
2014-04-01,0.040059946058562
2014-04-02,0.0595802561976417
2014-04-03,-0.0214627966045762
2014-04-04,-0.0602059603931622
2014-04-07,-0.0224428799814747
2014-04-08,0.0375475402355896
2014-04-09,0.00679941369508485
2014-04-10,-0.0605237498957258
2014-04-11,-0.00201001709726523
2014-04-14,-0.0283194487596825
2014-04-15,-0.0213273990359051
2014-04-16,0.0264633497899891
2014-04-17,-0.00498452688745088
2014-04-21,0.0311080478312808
2014-04-22,0.0674455868610719
2014-04-23,-0.0499365419979729
2014-04-24,-0.000625248945189671
2014-04-25,-0.0392977212138939
2014-04-28,-0.00672755186099216
2014-04-29,0.041492794726588
2014-04-30,0.00467678538933791
2014-05-01,-0.000769878303091609
2014-05-02,0.0151923345339218
2014-05-05,0.026667006585384
2014-05-06,-0.0440279450133203
2014-05-07,-0.0290259151935661
2014-05-08,-0.119951987614968
2014-05-09,0.0203415948158789
2014-05-12,0.0131361150451013
2014-05-13,0.0292953899148798
2014-05-14,0.00241614477444596
2014-05-15,-0.010706549186728
2014-05-16,0.0156257248042735
2014-05-19,0.0233726647980363
2014-05-20,-0.00403689929260631
2014-05-21,0.0210267378246196
2014-05-22,0.026860826929298
2014-05-23,0.011742559564496
2014-05-27,0.0203416553294886
2014-05-28,-0.00625893208983053
2014-05-29,0
2014-05-30,-0.0118180702298236
2014-06-02,-0.0148861679516945
2014-06-03,0.00117181544069078
2014-06-04,-0.00464636334636115
2014-06-05,0.0141646299583456
2014-06-06,0.00611950780061443
2014-06-09,-0.0138340567626698
2014-06-10,-0.0147692703917786
2014-06-11,0.0106695216443926
2014-06-12,-0.00465699841763367
2014-06-13,0.014148669404241
2014-06-16,0.0844526256346443
2014-06-17,0.0309483945790876
2014-06-18,-0.0198354924892996
2014-06-19,0.00294567788054856
2014-06-20,0.00787095018678219
2014-06-23,0.0326928922077081
2014-06-24,-0.0200977607195898
2014-06-25,0.0187057190758328
2014-06-26,-0.00546047451525844
2014-06-27,0.0145790826600551
2014-06-30,0.00417432173387455
2014-07-01,-0.0014173330825682
2014-07-02,-0.0438735965841075
2014-07-03,-0.000784866458469313
2014-07-07,-0.0291671428076978
2014-07-08,-0.0162546186414301
2014-07-09,0.0180495303449257
2014-07-10,-0.0162708586705422
2014-07-11,-0.00607878534344408
2014-07-14,0.0385363160726357
2014-07-15,-0.031910857949863
2014-07-16,-0.0110822700930511
2014-07-17,-0.00813764995428823
2014-07-18,0.0212217255812943
2014-07-21,0.00236065668067242
2014-07-22,-0.00436246221462744
2014-07-23,0.0131655420360426
2014-07-24,0.00470819148683521
2014-07-25,0.000134185435578527
2014-07-28,0.00557549661447432
2014-07-29,0.000844766005799968
2014-07-30,0.0172277637660403
2014-07-31,-0.0248564080684619
2014-08-01,0.0436803888734638
2014-08-04,0.0222565471765672
2014-08-05,-0.000125774413229252
2014-08-06,0.0428443585709219
2014-08-07,0.013803804581451
2014-08-08,-0.0170227316240403
2014-08-11,0.0441100351823578
2014-08-12,0.002464994378784
2014-08-13,0.00134541288516488
2014-08-14,0.00410203561455713
2014-08-15,0.00240737336283425
2014-08-18,-0.00793186421970793
2014-08-19,-0.0123090331714781
2014-08-20,-0.00409778888925993
2014-08-21,-0.00537203874955727
2014-08-22,0.0095478241361473
2014-08-25,0.0222217299629857
2014-08-26,-0.00308983532994
2014-08-27,0.00575247107606236
2014-08-28,0.00231461205615702
2014-08-29,0.0218914850881742
2014-09-02,0.0520865025368709
2014-09-03,-0.0103660943309065
2014-09-04,0.0171009848076591
2014-09-05,-0.0307071623239308
2014-09-08,0.0168726123069352
2014-09-09,-0.0129508537673027
2014-09-10,0.00936427178353894
2014-09-11,-0.00281439524828864
2014-09-12,-0.00396773098723502
2014-09-15,-0.0951454181258771
2014-09-16,0.0267408712252264
2014-09-17,0.00245147680089275
2014-09-18,0.00929174575168146
2014-09-19,-0.0172041886301875
2014-09-22,-0.036481905447602
2014-09-23,0.00151866811765311
2014-09-24,0.00688492748579428
2014-09-25,-0.0207986420121644
2014-09-26,-0.00141825141333785
2014-09-29,-0.00544867217996625
2014-09-30,-0.0105752231253513
2014-10-01,-0.0101052575517468
2014-10-02,0.0454863850180089
2014-10-03,0.0149618766921078
2014-10-06,0.0209766495943353
2014-10-07,-0.00403697443830708
2014-10-08,-0.00111783103035146
2014-10-09,-0.00879353613180545
2014-10-10,-0.0814347386562555
2014-10-13,-0.0534037787648374
2014-10-14,0.0109377495424154
2014-10-15,0.011559786859034
2014-10-16,-0.014691575048956
2014-10-17,0.00497980289370492
2014-10-20,0.0130584329453129
2014-10-21,0.0209105335373581
2014-10-22,-0.0181807303125185
2014-10-23,0.017968264566504
2014-10-24,-0.000212510897301232
2014-10-27,-0.059416495518489
2014-10-28,0.0909247687404608
2014-10-29,-0.0194238188860107
2014-10-30,0.00234926119075718
2014-10-31,0.0126572591554486
2014-11-03,0.00367551690246781
2014-11-04,-0.0152021210831927
2014-11-05,-0.0338828306301222
2014-11-06,0.0434215528032502
2014-11-07,-0.00423752010465162
2014-11-10,0.0071766510352913
2014-11-11,0.0371231052167964
2014-11-12,-0.00791718940632258
2014-11-13,0.0103835269191737
2014-11-14,0.0273537978294414
2014-11-17,-0.018336263991682
2014-11-18,0.0145406585222538
2014-11-19,-0.0394162810256171
2014-11-20,0.00390775469377003
2014-11-21,-0.0241319306482719
2014-11-24,0.0160984091502323
2014-11-25,0.00553749658052638
2014-11-26,0.00140985476405975
2014-11-28,-0.0159043865064894
2014-12-01,-0.054112588004966
2014-12-02,-0.000906986390040387
2014-12-03,-0.00924627486207941
2014-12-04,-0.0044582336082013
2014-12-05,-0.0202224290113007
2014-12-08,-0.0426937019772811
2014-12-09,0.011733479978397
2014-12-10,-0.0330449959030168
2014-12-11,-0.0045854205410043
2014-12-12,-0.00904109502373185
2014-12-15,-0.0144027401970983
2014-12-16,-0.0310091100249994
2014-12-17,0.0396949864581413
2014-12-18,0.0586850791497082
2014-12-19,0.00470802775357804
2014-12-22,0.0149813988975795
2014-12-23,-0.00734954106088193
2014-12-24,0.00582095214291423
2014-12-26,0.0247079651821904
2014-12-29,-0.00930487380217215
2014-12-30,-0.0155380677608044
2014-12-31,0.000809649459216022
2015-01-02,-0.0140362251690846
2015-01-05,-0.0429503288287192
2015-01-06,0.00564825584215223
2015-01-07,-0.00156315171254251
2015-01-08,-0.00156553106269097
2015-01-09,-0.0189806269200719
2015-01-12,-0.0217681308830677
2015-01-13,0.0100379485283275
2015-01-14,-0.0582620851153495
2015-01-15,-0.00426460913034177
2015-01-16,0.00623475221577507
2015-01-20,-0.00592211202272885
2015-01-21,0.0238879162430106
2015-01-22,0.0253660939489415
2015-01-23,-0.00163803561866516
2015-01-26,0.0257958834872691
2015-01-27,-0.0027634448314231
2015-01-28,-0.0326167175410546
2015-01-29,0.0288227508909404
2015-01-30,-0.00782789121132055
2015-02-02,0.0354165045500099
2015-02-03,0.0345713045605982
2015-02-04,0.000869746859758269
2015-02-05,0.0111026718029867
2015-02-06,-0.0165624603653733
2015-02-09,0.000551887141647445
2015-02-10,-0.00548679049577316
2015-02-11,-0.0162672963048935
2015-02-12,-0.0477381356288036
2015-02-13,0.0043772699868958
2015-02-17,0.00284223737530898
2015-02-18,0.000538178303971737
2015-02-19,0.0348450742043642
2015-02-20,0.02518669958065
2015-02-23,-0.0460441451369462
2015-02-24,-0.0157009376486719
2015-02-25,-0.00171624946698312
2015-02-26,0.0166934593464951
2015-02-27,-0.018756826221475
2015-03-02,-0.0300020410372208
2015-03-03,0.011237539737766
2015-03-04,0.0143286322897973
2015-03-05,-0.00898118959224758
2015-03-06,-0.0342229912623333
2015-03-09,-0.0155944380162376
2015-03-10,-0.00293810460913857
2015-03-11,0.0178102380038951
2015-03-12,-0.0138772358885499
2015-03-13,-0.012587386429479
2015-03-16,0.0365304475059243
2015-03-17,-0.00496889679217549
2015-03-18,0.0302470743657333
2015-03-19,-0.0255337579038568
2015-03-20,0.0123436185706298
2015-03-23,0.00779474619576526
2015-03-24,0.0104149018290638
2015-03-25,-0.0374772707973201
2015-03-26,-0.0202236617880045
2015-03-27,-0.0288238619159005
2015-03-30,0.0296638152658328
2015-03-31,-0.00949022894720697
2015-04-01,-0.00627069014800252
2015-04-02,0.018014677649012
2015-04-06,0.061425092646004
2015-04-07,0.000738296735313337
2015-04-08,0.0215135743250734
2015-04-09,0.0115856424569367
2015-04-10,0.00384813804313744
2015-04-13,-0.00532474697674701
2015-04-14,-0.0111208293589544
2015-04-15,0.00178189647014371
2015-04-16,-0.00545199015416076
2015-04-17,0.00043535651867499
2015-04-20,-0.00737762051520408
2015-04-21,0.0199678687462055
2015-04-22,0.0467847405063782
2015-04-23,-0.00383525434209142
2015-04-24,-0.000777922287662935
2015-04-27,0.0583302672383135
2015-04-28,-0.00463183989972027
2015-04-29,0.00851112045226499
2015-04-30,-0.0279189702368208
2015-05-01,-8.84102151004207e-05
2015-05-04,0.0196264672987958
2015-05-05,0.0105295704946622
2015-05-06,-0.0108766620946357
2015-05-07,0.027268756923557
2015-05-08,-0.000802689178613925
2015-05-11,0.012098410758755
2015-05-12,0.0216847841448344
2015-05-13,-0.0063945183424674
2015-05-14,0.0037760287990225
2015-05-15,0.0192321421913824
2015-05-18,-0.000361774908886225
2015-05-19,-0.00649333187266965
2015-05-20,-0.0113532875707381
2015-05-21,0.00518391861929457
2015-05-22,0.00855383532829368
2015-05-26,-0.00109046936400992
2015-05-27,-0.000121288088899885
2015-05-28,0.0161164285563009
2015-05-29,-0.00258833727749019
2015-06-01,-0.00539732384943203
2015-06-02,-0.00441936235222506
2015-06-03,0.00257362196527078
2015-06-04,-0.0124064233545407
2015-06-05,0.0130086895961306
2015-06-08,0.0282946720336663
2015-06-09,-0.00113214509669435
2015-06-10,-0.0209205036423259
2015-06-11,0.00282814729369063
2015-06-12,-0.00286797644830283
2015-06-15,-0.00123743382827257
2015-06-16,0.0108839277450183
2015-06-17,0.0283936317422104
2015-06-18,0.00566728372909209
2015-06-19,0.00236465505202244
2015-06-22,-0.0104156858228603
2015-06-23,0.0298813790868473
2015-06-24,-0.00938382028377083
2015-06-25,0.0135592580527644
2015-06-26,-0.00634469276719152
2015-06-29,-0.019164806231764
2015-06-30,0.0235358426768149
2015-07-01,0.00331210516923397
2015-07-02,0.0395921817988616
2015-07-06,-0.0010718486621184
2015-07-07,-0.0432499826636348
2015-07-08,-0.0494324771497836
2015-07-09,0.0115428446899632
2015-07-10,0.00475751699359472
2015-07-13,0.0115479460937786
2015-07-14,0.0132246119439579
2015-07-15,-0.0094933500927481
2015-07-16,0.0133632306987073
2015-07-17,0.0294845075723722
2015-07-20,0.0272946366595486
2015-07-21,-0.0564417961312333
2015-07-22,0.00411494718126937
2015-07-23,-0.00250432543328571
2015-07-24,-0.00672163769474565
2015-07-27,-0.0478468521890072
2015-07-28,0.0456214013917631
2015-07-29,-0.0037833480487488
2015-07-30,0.0111947775004499
2015-07-31,-0.00240170576454712
2015-08-03,-0.0234169336666707
2015-08-04,0.0239052791042473
2015-08-05,0.0143549103918059
2015-08-06,-0.0930434944567473
2015-08-07,-0.0148168849093007
2015-08-10,-0.00566527233709779
2015-08-11,-0.0157575661783933
2015-08-12,0.00336459594307481
2015-08-13,0.0180582425724163
2015-08-14,0.0026355170560457
2015-08-17,0.0475457950743139
2015-08-18,0.0222227052408295
2015-08-19,-0.0212035385859406
2015-08-20,-0.0525622525194729
2015-08-21,-0.0482595986219096
2015-08-24,-0.0529436408680621
2015-08-25,0.00528596239093959
2015-08-26,0.0216251136064955
2015-08-27,0.0776312553511453
2015-08-28,0.0223420223866988
2015-08-31,0.00233153298123323
2015-09-01,-0.0427796051186511
2015-09-02,0.037263734731237
2015-09-03,-0.00859599859049043
2015-09-04,-0.0149334674968995
2015-09-08,0.0254654721175656
2015-09-09,0.00297740461881668
2015-09-10,-0.00172907324281146
2015-09-11,0.00705816023871364
2015-09-14,0.0117197405975316
2015-09-15,0.00149972821405386
2015-09-16,0.033658328946478
2015-09-17,-0.000686663006419064
2015-09-18,-0.00554821715313514
2015-09-21,0.0136429772163922
2015-09-22,-0.0124158683045357
2015-09-23,0.000459736809325761
2015-09-24,0.00785991244555673
2015-09-25,-0.0238843485342533
2015-09-28,-0.0335646589980167
2015-09-29,-0.00719084482929944
2015-09-30,0.00707003034141218
2015-10-01,-0.0349015428858666
2015-10-02,0.0315546326683083
2015-10-05,-0.00575231068617077
2015-10-06,-0.0192372332969653
2015-10-07,-0.0401389368815739
2015-10-08,-0.0228491327814533
2015-10-09,-0.0269567378097721
2015-10-12,-0.0234270038314346
2015-10-13,0.0168805876471732
2015-10-14,-0.0108684254391478
2015-10-15,0.0202201994016944
2015-10-16,0.0254296438654542
2015-10-19,0.00479008990679919
2015-10-20,-0.0683511704614523
2015-10-21,-0.0138969979387542
2015-10-22,0.00772868698236495
2015-10-23,-0.0124999116219966
2015-10-26,0.0290818684044427
2015-10-27,-0.0230738656060887
2015-10-28,0.0123315973809026
2015-10-29,-0.00626483784319865
2015-10-30,-0.0224589759449816
2015-11-02,0.0326137371257262
2015-11-03,-0.0257748955777508
2015-11-04,0.105921913600562
2015-11-05,0.000604185829536252
2015-11-06,0.00254245477821646
2015-11-09,-0.0307219216048722
2015-11-10,-0.0399754633416642
2015-11-11,0.0118464077197706
2015-11-12,-0.0284265166941928
2015-11-13,-0.027374179814375
2015-11-16,0.0337872459961761
2015-11-17,-0.0014474450123938
2015-11-18,0.0325033237101793
2015-11-19,0.00329670092265033
2015-11-20,-0.00810313545175223
2015-11-23,-0.0103252893145296
2015-11-24,0.00229354391960124
2015-11-25,0.0508716257425608
2015-11-27,0.00854212054678527
2015-11-30,-0.00584582716981163
2015-12-01,0.0296523950844421
2015-12-02,-0.0221672803952178
2015-12-03,0.00309879759929066
2015-12-04,-0.0100628737063042
2015-12-07,0.00325015362721315
2015-12-08,-0.0192645252118511
2015-12-09,-0.00975097634720923
2015-12-10,0.0112934916472804
2015-12-11,-0.0452687655779962
2015-12-14,0.00716250569034704
2015-12-15,0.0114177968285865
2015-12-16,0.058928373489588
2015-12-17,-0.00478737686165509
2015-12-18,-0.0126335103726234
2015-12-21,0.00907090510905872
2015-12-22,-0.0112863485419616
2015-12-23,-0.00108782996638279
2015-12-24,0.00378043119369176
2015-12-28,-0.00705085196644983
2015-12-29,0.035357883762595
2015-12-30,0.00378727211428176
2015-12-31,0.00803185157604691
2016-01-04,-0.0716719937465546
2016-01-05,8.9511012536736e-05
2016-01-06,-0.019843788561297
2016-01-07,-0.0155976265687578
2016-01-08,-0.0217986189025874
2016-01-11,-0.0150414705988888
2016-01-12,0.0101480153678204
2016-01-13,-0.047098500331503
2016-01-14,0.0288833555002137
2016-01-15,-0.00578830463590352
2016-01-19,-0.0013180497358567
2016-01-20,-0.029847006726031
2016-01-21,0.00637117452886038
2016-01-22,0.0128194094320078
2016-01-25,-0.0309351934331064
2016-01-26,-0.0144639945228033
2016-01-27,-0.0287733213280847
2016-01-28,0.00862962340794882
2016-01-29,0.00787615369012418
2016-02-01,0.0295790340083517
2016-02-02,-0.0746158164139179
2016-02-03,-0.0522209153397499
2016-02-04,0.0106076446142316
2016-02-05,-0.0753767552499127
2016-02-08,-0.0941484894903897
2016-02-09,0.00175530331238161
2016-02-10,-0.0313810148204627
2016-02-11,0.0462446823259821
2016-02-12,0.00378098437083141
2016-02-16,0.0269766874506048
2016-02-17,0.0834820098110383
2016-02-18,-0.0113877537717006
2016-02-19,-0.0011399463291748
2016-02-22,0.0648460900489298
2016-02-23,-0.00298628313239657
2016-02-24,0.0100503302028141
2016-02-25,0.0460195819489355
2016-02-26,0.0154065242661408
2016-02-29,0.00831877164214934
2016-03-01,-0.029504076406393
2016-03-02,0.0106222080184035
2016-03-03,0.0385383725969475
2016-03-04,0.0267167282730907
2016-03-07,0.0209196826478837
2016-03-08,-0.0131899775079987
2016-03-09,0.029760047444229
2016-03-10,-0.0171060020570795
2016-03-11,0.0112436446557975
2016-03-14,0.036204136388315
2016-03-15,0.0147180110006531
2016-03-16,0.0163085240498249
2016-03-17,0.0198530155803582
2016-03-18,0.0277069336939189
2016-03-21,0.0236923417091939
2016-03-22,-0.0172680371030229
2016-03-23,-0.0510596376688341
2016-03-24,0.022961935986384
2016-03-28,0.0109605866207341
2016-03-29,-0.000564759811570781
2016-03-30,-0.0141790218679163
2016-03-31,0.0126134528615114
2016-04-01,0.0334676534053324
2016-04-04,0.0388013743491142
2016-04-05,0.033757194677885
2016-04-06,0.0382085214093908
2016-04-07,-0.031459502147213
2016-04-08,-0.0281131623755053
2016-04-11,-0.000600025756283706
2016-04-12,-0.00843815364648925
2016-04-13,0.0267159744192447
2016-04-14,-0.0105453000376481
2016-04-15,0.0104667264439628
2016-04-18,-0.00247840276494093
2016-04-19,-0.0259765243558894
2016-04-20,0.0104557666848408
2016-04-21,-0.00674346313425023
2016-04-22,0.0217521302206927
2016-04-25,-0.0076350525865152
2016-04-26,0.00759558942531369
2016-04-27,-0.00898639386757605
2016-04-28,-0.0150650450921841
2016-04-29,-0.0284581078490489
2016-05-02,0.00431039468988503
2016-05-03,-0.0399952640244861
2016-05-04,-0.0429190390075007
2016-05-05,-0.0508298380398053
2016-05-06,0.0159455459685436
2016-05-09,-0.0283609592523097
2016-05-10,-0.00110149493260536
2016-05-11,0.00129292357210042
2016-05-12,-0.00807227434986491
2016-05-13,0.00159073704555324
2016-05-16,0.00326998913525944
2016-05-17,-0.0175812467843577
2016-05-18,0.0313134315927472
2016-05-19,0.0189507680329579
2016-05-20,0.0232851896541333
2016-05-23,-0.0186030188784043
2016-05-24,0.00778568845785843
2016-05-25,0.00763453242921885
2016-05-26,0.0249169574141259
2016-05-27,-0.00928249515015356
2016-05-31,0.00085150490131447
2016-06-01,-0.0165771128387724
2016-06-02,-0.0027364764140656
2016-06-03,0.000136992015513204
2016-06-06,0.00768765035475205
2016-06-07,0.0514881232840554
2016-06-08,0.0135940128098762
2016-06-09,-0.0265030013177383
2016-06-10,-0.047180419918365
2016-06-13,-0.00421383313440282
2016-06-14,-0.0134466072558386
2016-06-15,0.012666011752712
2016-06-16,0.00105599685638724
2016-06-17,-0.011352256561254
2016-06-20,0.0194412621812963
2016-06-21,-0.000409703752018764
2016-06-22,-0.110376873868466
2016-06-23,-0.0013230030980349
2016-06-24,-0.0166862723600962
2016-06-27,0.0275738417757165
2016-06-28,0.0161866364855086
2016-06-29,0.0407842910893144
2016-06-30,0.00989430203677699
2016-07-01,0.0196843636980075
2016-07-05,-0.0117080101900031
2016-07-06,0.00214740421408255
2016-07-07,0.00697063908781681
2016-07-08,0.00388240620004021
2016-07-11,0.0362391622281257
2016-07-12,-0.000578468627589146
2016-07-13,-0.00948179198111365
2016-07-14,-0.00450383474516913
2016-07-15,-0.00511402575590569
2016-07-18,0.0261965292265702
2016-07-19,-0.00438529103703145
2016-07-20,0.0136680591253011
2016-07-21,-0.0350256476808921
2016-07-22,0.00799516637259456
2016-07-25,0.034229914072299
2016-07-26,-0.00217615151277073
2016-07-27,-0.00445414527606314
2016-07-28,0.00923548015994147
2016-07-29,0.0179635760898669
2016-08-01,-0.0205687594609745
2016-08-02,-0.0122920847441597
2016-08-03,-0.00622531402618609
2016-08-04,0.0211225821414533
2016-08-05,-0.00251824070973994
2016-08-08,-0.0169669838737279
2016-08-09,0.0128285868636535
2016-08-10,-0.0150862003308219
2016-08-11,-0.00328475649072102
2016-08-12,0.0031074879474331
2016-08-15,-8.86460570850289e-05
2016-08-16,-0.00881572734714142
2016-08-17,-0.00165604510659589
2016-08-18,0.00120877031751432
2016-08-19,0.00664421126391357
2016-08-22,-0.00924255005263497
2016-08-23,0.00853117393603409
2016-08-24,-0.00992274025293893
2016-08-25,-0.00748456578891066
2016-08-26,-0.00439960430209219
2016-08-29,-0.0220142440268414
2016-08-30,-0.0180997141322972
2016-08-31,0.00316527337095751
2016-09-01,-0.0544734021592501
2016-09-02,-0.0150047331266285
2016-09-06,0.0252129172339353
2016-09-07,-0.005537190401391
2016-09-08,-0.0218015471886837
2016-09-09,-0.0147515153841131
2016-09-12,0.0195030957950348
2016-09-13,-0.0114113503355942
2016-09-14,0.00183459524416252
2016-09-15,0.0202108310690323
2016-09-16,0.0245441175049459
2016-09-19,0.00456601285156832
2016-09-20,-0.00827291322998569
2016-09-21,0.00283017114152262
2016-09-22,0.00587885801043697
2016-09-23,0.00492896328163717
2016-09-26,0.00739607069916293
2016-09-27,-0.0153329829369815
2016-09-28,0.00223255415838342
2016-09-29,-0.0273747188274669
2016-09-30,0.0164557948882051
2016-10-03,0.0463061200396524
2016-10-04,-0.0107738130200397
2016-10-05,-0.0140522034936374
2016-10-06,-0.0364422831784172
2016-10-07,-0.0220828199191758
2016-10-10,0.0218340507823727
2016-10-11,-0.00423885742632324
2016-10-12,0.0070217560546566
2016-10-13,-0.00632240120349126
2016-10-14,-0.0188032618495293
2016-10-17,-0.0130613739284318
2016-10-18,0.0261551834057396
2016-10-19,0.0221536904398274
2016-10-20,-0.0221536904398274
2016-10-21,0.00496005338926953
2016-10-24,0.0132557823193875
2016-10-25,-0.00207355382348151
2016-10-26,-0.000494303987636169
2016-10-27,0.00871390334123312
2016-10-28,-0.0200016944207815
2016-10-31,-0.0112648664380095
2016-11-01,-0.0357291793332628
2016-11-02,-0.0146249286076832
2016-11-03,-0.00319624931268025
2016-11-04,0.0166150242077681
2016-11-07,0.0138105425655501
2016-11-08,0.00891415581055721
2016-11-09,-0.0253520272262553
2016-11-10,-0.0250938926266588
2016-11-11,0.0171703850079608
2016-11-14,-0.038436121205855
2016-11-15,0.0127047826528637
2016-11-16,0.000870289467592933
2016-11-17,0.0253912052360055
2016-11-18,-0.019482491470078
2016-11-21,-0.00270610471395027
2016-11-22,0.0354052485328733
2016-11-23,0.0102522310710369
2016-11-25,0.0180101267471904
2016-11-28,-0.0026987321769143
2016-11-29,-0.0339684278844752
2016-11-30,-0.000897103679252886
2016-12-01,-0.040514121310709
2016-12-02,-0.00225677216711073
2016-12-05,0.0289481756070487
2016-12-06,-0.00509856662561825
2016-12-07,0.0385271923092514
2016-12-08,-0.00446248763631507
2016-12-09,-0.00057217483917027
2016-12-12,0.00129999853167595
2016-12-13,0.0292918697058089
2016-12-14,0.00272152052795249
2016-12-15,-0.00560228264872675
2016-12-16,0.0245469457871681
2016-12-19,0.00118452662321289
2016-12-20,0.0294539382800423
2016-12-21,-0.00523419521413038
2016-12-22,0.00360441838193992
2016-12-23,0.0231879481211408
2016-12-27,0.0286017364600322
2016-12-28,0.000956127688257258
2016-12-29,-0.0232964400316784
2016-12-30,-0.00462217949025412
2017-01-03,0.0153248550952689
2017-01-04,0.0450547163334778
2017-01-05,-0.00105786103095973
2017-01-06,0.00991755349392909
2017-01-09,0.00986345802305388
2017-01-10,-0.00611515694165776
2017-01-11,-0.000609243519504865
2017-01-12,-0.000609614923451574
2017-01-13,0.0349246319536958
2017-01-17,-0.00916920371998087
2017-01-18,0.0117316326703305
2017-01-19,0.022402035945972
2017-01-20,0.0039713152193146
2017-01-23,0.0169761003738715
2017-01-24,0.0226014115031878
2017-01-25,-0.000550084324914213
2017-01-26,-0.00773210302341676
2017-01-27,0.00174097591467115
2017-01-30,-0.00921399292204717
2017-01-31,0.00517348951141461
2017-02-01,-0.0107350617996396
2017-02-02,0.00922556339215808
2017-02-03,-0.00087501065210871
2017-02-06,0.02530097444515
2017-02-07,-0.0011257522514132
2017-02-08,0.0177077918757904
2017-02-09,0.0268047929533433
2017-02-10,0.000111480155291499
2017-02-13,0.0413641018626612
2017-02-14,0.00135332853631187
2017-02-15,-0.00435139031446496
2017-02-16,-0.0394066151048187
2017-02-17,0.0121217757890082
2017-02-21,0.0187771538471107
2017-02-22,-0.0140862921156062
2017-02-23,-0.0661997629376674
2017-02-24,0.00393769715113423
2017-02-27,-0.0428100518378454
2017-02-28,0.0151549133999707
2017-03-01,0.000119931684859687
2017-03-02,0.00183825777340374
2017-03-03,0.00434217387129632
2017-03-06,-0.00143204810561004
2017-03-07,-0.0104843313304781
2017-03-08,-0.00694302951787495
2017-03-09,-0.00801186091641348
2017-03-10,-0.00495308891852986
2017-03-13,0.0101253954103742
2017-03-14,0.0469372902917788
2017-03-15,-0.00883735607880176
2017-03-16,0.024413012744148
2017-03-17,-0.00210105349606771
2017-03-20,0.00160482320882682
2017-03-21,-0.0438618366915002
2017-03-22,0.0171255943646935
2017-03-23,-0.000902435356969544
2017-03-24,0.032361869904411
2017-03-27,0.026474241022965
2017-03-28,0.0264043124925708
2017-03-29,-0.000252362808713436
2017-03-30,0.00194485732024541
2017-03-31,0.00136636988604488
2017-04-03,0.0701372424488147
2017-04-04,0.0172035228479572
2017-04-05,-0.029065010091486
2017-04-06,0.0124643323225597
2017-04-07,0.0127737057107709
2017-04-10,0.0320389584383958
2017-04-11,-0.0118500522905647
2017-04-12,-0.0392090915608887
2017-04-13,0.023834415241899
2017-04-17,-0.00845666406090473
2017-04-18,-0.00395557654194789
2017-04-19,0.0173997961605497
2017-04-20,-0.00990089627307178
2017-04-21,0.0101626916741568
2017-04-24,0.00792015562432358
2017-04-25,0.0185267372873668
2017-04-26,-0.0116034228131205
2017-04-27,-0.00497739510953421
2017-04-28,0.0174727630759905
2017-05-01,0.0275099612213321
2017-05-02,-0.0122796551911253
2017-05-03,-0.0249889575143256
2017-05-04,-0.0513238107914127
2017-05-05,0.0427021179967904
2017-05-08,-0.00376905836798525
2017-05-09,0.0447843014812896
2017-05-10,0.0122511092995934
2017-05-11,-0.00653997068179901
2017-05-12,0.00527844965167112
2017-05-15,-0.0278779911277636
2017-05-16,0.00357098208519746
2017-05-17,-0.0349888394691087
2017-05-18,0.0224503411875125
2017-05-19,-0.00714871283892426
2017-05-22,-0.00154542615061004
2017-05-23,-0.0211336288165409
2017-05-24,0.0207146434244634
2017-05-25,0.0210836068655498
2017-05-26,0.0258905461145851
2017-05-30,0.0301731153134477
2017-05-31,0.0174827679049923
2017-06-01,-0.00187848899607834
2017-06-02,-0.00152889066872275
2017-06-05,0.0217421654833112
2017-06-06,0.0157964507976214
2017-06-07,0.0190883609781314
2017-06-08,0.0283716901154558
2017-06-09,-0.0348713352224452
2017-06-12,0.00471852192528521
2017-06-13,0.046105919035738
2017-06-14,0.0124503998787975
2017-06-15,-0.014074270372638
2017-06-16,-0.0105526342703484
2017-06-19,-0.00431732579935762
2017-06-20,0.00657647455825305
2017-06-21,0.0111135592374789
2017-06-22,0.0163638440137808
2017-06-23,0.00219303100194113
2017-06-26,-0.0156651483509185
2017-06-27,-0.0408782643777728
2017-06-28,0.0241828887001878
2017-06-29,-0.0286635512152893
2017-06-30,0.00238107128842557
2017-07-03,-0.0251752720321261
2017-07-05,-0.0751556139968517
2017-07-06,-0.0574443753944092
2017-07-07,0.0141147984237096
2017-07-10,0.00899464021473451
2017-07-11,0.0347323168510525
2017-07-12,0.00700433759634045
2017-07-13,-0.0187161835363128
2017-07-14,0.0134217334710884
2017-07-17,-0.0253662835878812
2017-07-18,0.0267687528837839
2017-07-19,-0.00912022490848674
2017-07-20,0.0142253551995934
2017-07-21,-0.00461783617890754
2017-07-24,0.0420976915440741
2017-07-25,-0.00856164629055201
2017-07-26,0.0124370394737219
2017-07-27,-0.0276882015473552
2017-07-28,0.00182217044355504
2017-07-31,-0.0352330581368556
2017-08-01,-0.0121300424825712
2017-08-02,0.0195835581594608
2017-08-03,0.0630242358487871
2017-08-04,0.0278995462123821
2017-08-07,-0.00488714862382356
2017-08-08,0.0279033673609055
2017-08-09,-0.00463810450759272
2017-08-10,-0.0226179018654471
2017-08-11,0.00692589583422576
2017-08-14,0.016434433153643
2017-08-15,-0.00404884981775311
2017-08-16,0.00159951274734116
2017-08-17,-0.0307510458322526
2017-08-18,-0.0127543025359467
2017-08-21,-0.0280179154161369
2017-08-22,0.0102767066846856
2017-08-23,0.0329079489495601
2017-08-24,0.000453498695824006
2017-08-25,-0.0139236412942183
2017-08-28,-0.00689046886147571
2017-08-29,0.00490604776623282
2017-08-30,0.016616156563964
2017-08-31,0.00767195914859986
2017-09-01,-0.001405935786293
2017-09-05,-0.0164828590355239
2017-09-06,-0.0145798850744674
2017-09-07,0.0174933744109729
2017-09-08,-0.0207785652075274
2017-09-11,0.0574059154770943
2017-09-12,-0.00258801342579407
2017-09-13,0.0095476742913978
2017-09-14,0.0306798552521026
2017-09-15,0.00572976688025717
2017-09-18,0.0135722324474274
2017-09-19,-0.0260507460641097
2017-09-20,-0.00317749102448328
2017-09-21,-0.0200712296383641
2017-09-22,-0.0429013103803033
2017-09-25,-0.0175272149824148
2017-09-26,0.00075338950068371
2017-09-27,-0.0124743087559076
2017-09-28,-0.00402604500620729
2017-09-29,0.00440725188123858
2017-10-02,0.00125986787298871
2017-10-03,0.0191691542176411
2017-10-04,0.0195412680327376
2017-10-05,0.000900992292239167
2017-10-06,0.00435262134887004
2017-10-09,-0.0398440601306507
2017-10-10,0.0362228323758726
2017-10-11,-0.00278798754762466
2017-10-12,0.00304107788984131
2017-10-13,-0.000309332400000528
2017-10-16,-0.0140761560568952
2017-10-17,0.0145823011614499
2017-10-18,0.0109031086568683
2017-10-19,-0.0220400897635975
2017-10-20,-0.0192570682076094
2017-10-23,-0.0236919149925465
2017-10-24,0.000948979286418794
2017-10-25,-0.0346847627579083
2017-10-26,0.00101222497938558
2017-10-27,-0.0163827119892437
2017-10-30,-0.00246504739910192
2017-10-31,0.0351472945923454
2017-11-01,-0.0320279934376533
2017-11-02,-0.0703775286102655
2017-11-03,0.0225664343121639
2017-11-06,-0.0108727179330819
2017-11-07,0.010742038348579
2017-11-08,-0.00543869397227947
2017-11-09,-0.004610014914459
2017-11-10,0
2017-11-13,0.0401418787055396
2017-11-14,-0.021471745518534
2017-11-15,0.00838709205242383
2017-11-16,0.00384738828794839
2017-11-17,0.0081268913380903
2017-11-20,-0.0202318138227322
2017-11-21,0.028954178587659
2017-11-22,-0.016529238935064
2017-11-24,0.00939273239223049
2017-11-27,0.00398505969095053
2017-11-28,0.00233307246041914
2017-11-29,-0.032030139192273
2017-11-30,0.00425057889210567
2017-12-01,-0.00754010366639468
2017-12-04,-0.00434834272469775
2017-12-05,-0.00492685207440413
2017-12-06,0.0309931228262168
2017-12-07,-0.00646927879763703
2017-12-08,0.0124209924805934
2017-12-11,0.04279891224675
2017-12-12,0.0361862329733924
2017-12-13,-0.00588184550640802
2017-12-14,-0.00336820990290532
2017-12-15,0.0163212187950839
2017-12-18,-0.0134250207187949
2017-12-19,-0.0231960924962231
2017-12-20,-0.00642354052129557
2017-12-21,0.00811340760717094
2017-12-22,-0.0196699383231023
2017-12-26,-0.0246242367444638
2017-12-27,-0.017967524343935
2017-12-28,0.0118662207263549
2017-12-29,-0.0127971933485505
2018-01-02,0.0290582614813633
2018-01-03,-0.0102858309626943
2018-01-04,-0.00832453055868232
2018-01-05,0.00621041601717742
2018-01-08,0.0607547023817014
2018-01-09,-0.00811824509393322
2018-01-10,0.00332089363820165
2018-01-11,0.00936466108073519
2018-01-12,-0.00513225776896897
2018-01-16,0.0113563876753946
2018-01-17,0.0206636139477387
2018-01-18,-0.00748850112963151
2018-01-19,0.0156930900650178
2018-01-22,0.0043900245360069
2018-01-23,0.0034926166800795
2018-01-24,-0.0197521343006435
2018-01-25,-0.0241406166657767
2018-01-26,0.0153128202172788
2018-01-29,0.0192963675846429
2018-01-30,-0.0106709947857091
2018-01-31,0.024253827172148
2018-02-01,-0.0143842529588936
2018-02-02,-0.0158732718247041
2018-02-05,-0.0313818512683417
2018-02-06,0.00251835330633821
2018-02-07,0.0324932105260789
2018-02-08,-0.0902418934145812
2018-02-09,-0.0153762488482498
2018-02-12,0.0169612021658292
2018-02-13,0.0248061105759998
2018-02-14,-0.00417977383377677
2018-02-15,0.0358367543942224
2018-02-16,0.00424154684359968
2018-02-20,-0.00214835049634976
2018-02-21,-0.00440081000649739
2018-02-22,0.0378869911144943
2018-02-23,0.0168432361827855
2018-02-26,0.0151383420182252
2018-02-27,-0.0181538456896035
2018-02-28,-0.0228523261723379
2018-03-01,-0.0359984667663404
2018-03-02,0.0125817940442765
2018-03-05,-0.00529568893463672
2018-03-06,-0.015569849908617
2018-03-07,0.0124150499843281
2018-03-08,-0.00967650999310399
2018-03-09,-0.00588179572351821
2018-03-12,0.0545417190050221
2018-03-13,-0.0106788117903864
2018-03-14,-0.0455147567134175
2018-03-15,-0.00315838805285118
2018-03-16,-0.0131388274303141
2018-03-19,-0.0245401223826582
2018-03-20,-0.00964579907984753
2018-03-21,0.019073091713504
2018-03-22,-0.0237531456350104
2018-03-23,-0.0247621574892452
2018-03-26,0.00871698335795612
2018-03-27,-0.0857629612203992
2018-03-28,-0.0797502056086734
2018-03-29,0.0318784406408517
2018-04-02,-0.0526528627108713
2018-04-03,0.0578996024580238
2018-04-04,0.0700414595494765
2018-04-05,0.0633964612778986
2018-04-06,-0.0212232112650863
2018-04-09,-0.0327385525911974
2018-04-10,0.050619854155042
2018-04-11,-0.0124500015013513
2018-04-12,-0.023025854346082
2018-04-13,0.021063340553555
2018-04-16,-0.030870545862284
2018-04-17,-0.0121611533676753
2018-04-18,0.0194829889505521
2018-04-19,0.022682617268944
2018-04-20,-0.0333409465993113
2018-04-23,-0.0239547130677615
2018-04-24,0.000317582996209875
2018-04-25,-0.00982010959558854
2018-04-26,0.0169210522712513
2018-04-27,0.0296798864521084
2018-04-30,-0.000612318699281467
2018-05-01,0.020276271552004
2018-05-02,0.00409274346435495
2018-05-03,-0.0570510547569394
2018-05-04,0.0333284083917293
2018-05-07,0.0290875981075804
2018-05-08,-0.00264585876348367
2018-05-09,0.0160314143062275
2018-05-10,-0.00598166776851317
2018-05-11,-0.0130677644059185
2018-05-14,-0.0306585684886276
2018-05-15,-0.0270431938514477
2018-05-16,0.00806090272821969
2018-05-17,-0.00679489287666524
2018-05-18,-0.0275064110418595
2018-05-21,0.0273306358405954
2018-05-22,-0.0338906419784859
2018-05-23,0.0146552593259148
2018-05-24,-0.00438134008245283
2018-05-25,0.0035926511327844
2018-05-29,0.0174548136717378
2018-05-30,0.0276656110468836
2018-05-31,-0.0242530544630588
2018-06-01,0.0245957653467395
2018-06-04,0.0167192128161036
2018-06-05,-0.0190864595345728
2018-06-06,0.0929873380713739
2018-06-07,-0.0107302784900871
2018-06-08,0.00495469243539803
2018-06-11,0.0444544488707335
2018-06-12,0.0316235799578721
2018-06-13,0.00584681496110884
2018-06-14,0.0368440438287365
2018-06-15,0.00125720532634288
2018-06-18,0.034735996616623
2018-06-19,-0.0505513361959302
2018-06-20,0.0270593864254129
2018-06-21,-0.0414583385299641
2018-06-22,-0.0407608326368916
2018-06-25,-0.00186011177649803
2018-06-26,0.026638194808656
2018-06-27,0.00728340899965163
2018-06-28,0.0156390227528993
2018-06-29,-0.0201484969908985
2018-07-02,-0.0232452025138778
2018-07-03,-0.0749967408799312
2018-07-05,-0.00548377173144088
2018-07-06,-0.000841373944324708
2018-07-09,0.0306362871896808
2018-07-10,0.0123562345527888
2018-07-11,-0.0109443708321475
2018-07-12,-0.00707915635662859
2018-07-13,0.00679692509144525
2018-07-16,-0.0278886969577892
2018-07-17,0.039797339718763
2018-07-18,0.00358834099791627
2018-07-19,-0.011240942684509
2018-07-20,-0.0209850358179078
2018-07-23,-0.0336618304909844
2018-07-24,-0.0192137394949765
2018-07-25,0.0373205814485824
2018-07-26,-0.00679248592842363
2018-07-27,-0.0313689700368083
2018-07-30,-0.0238710318643038
2018-07-31,0.027096149377992
2018-08-01,0.00901540258014277
2018-08-02,0.15003949536937
2018-08-03,-0.00392722251967115
2018-08-06,-0.0179093152807748
2018-08-07,0.104257519871001
2018-08-08,-0.0246175396542823
2018-08-09,-0.0495126684811686
2018-08-10,0.00858829435345365
2018-08-13,0.00258468785712518
2018-08-14,-0.0249143140539356
2018-08-15,-0.0260822959871359
2018-08-16,-0.00961230340566477
2018-08-17,-0.0935231029985575
2018-08-20,0.00957760749593017
2018-08-21,0.0427135032917798
2018-08-22,-0.00080797207018124
2018-08-23,-0.0047994694464033
2018-08-24,0.0084614549988391
2018-08-27,-0.0110577977827382
2018-08-28,-0.0234827463444098
2018-08-29,-0.0222098200524341
2018-08-30,-0.00611685772836656
2018-08-31,-0.0049271513512803
2018-09-04,-0.0430469232692916
2018-09-05,-0.0288246596875705
2018-09-06,0.000747740209184666
2018-09-07,-0.0651105159083061
2018-09-10,0.0811758251633727
2018-09-11,-0.0214543931377791
2018-09-12,0.0389536477956591
2018-09-13,-0.00372416834177702
2018-09-14,0.0196360195439746
2018-09-17,-0.00122026492550464
2018-09-18,-0.034084013592409
2018-09-19,0.0481616772520179
2018-09-20,-0.0023102764367664
2018-09-21,0.00257776188857628
2018-09-24,0.00193722820113251
2018-09-25,0.00436182022493625
2018-09-26,0.0281394744097478
2018-09-27,-0.00667639418681309
2018-09-28,-0.149678623561052
2018-10-01,0.159966309069717
2018-10-02,-0.0316510593141648
2018-10-03,-0.0208795701255204
2018-10-04,-0.044993070986536
2018-10-05,-0.073150471946505
2018-10-08,-0.044455193083718
2018-10-09,0.0476948716181642
2018-10-10,-0.0227842365240614
2018-10-11,-0.0182677612947382
2018-10-12,0.0256370118447253
2018-10-15,0.00312512241503038
2018-10-16,0.0634327959715333
2018-10-17,-0.0175432780062694
2018-10-18,-0.029384839017498
2018-10-19,-0.0149265704712787
2018-10-22,0.0036473072126566
2018-10-23,0.119726964559526
2018-10-24,-0.0193607302574703
2018-10-25,0.0874330286431269
2018-10-26,0.0496880629044436
2018-10-29,0.0118664978654253
2018-10-30,-0.014893088379071
2018-10-31,0.0222424731780668
2018-11-01,0.0204231917727178
2018-11-02,0.0061677735299619
2018-11-05,-0.0145682182686886
2018-11-06,-0.000996407097765495
2018-11-07,0.0206037304703592
2018-11-08,0.00926301459460399
2018-11-09,-0.00253595908420401
2018-11-12,-0.0564252810196848
2018-11-13,0.0222394440144535
2018-11-14,0.0154382562666497
2018-11-15,0.0128244538181952
2018-11-16,0.0167061568716163
2018-11-19,-0.00237360969148037
2018-11-20,-0.0170627161389176
2018-11-21,-0.0271280566762635
2018-11-23,-0.0372320681645042
2018-11-26,0.0600630350659856
2018-11-27,-0.0060297634194697
2018-11-28,0.0114198153990293
2018-11-29,-0.0194479618485977
2018-11-30,0.0269227493070821
2018-12-03,0.0225970587205606
2018-12-04,0.00336961980787631
2018-12-06,0.00929779779325601
2018-12-07,-0.0141188940345471
2018-12-10,0.0198589498628037
2018-12-11,0.00439948817099634
2018-12-12,-0.00043631614730355
2018-12-13,0.0274166431822227
2018-12-14,-0.0298473281279374
2018-12-17,-0.0484319961092909
2018-12-18,-0.0332367552996993
2018-12-19,-0.0121195271328713
2018-12-20,-0.0542741294056155
2018-12-21,0.0138237602250069
2018-12-24,-0.0793054901635499
2018-12-26,0.0988768302849774
2018-12-27,-0.0310198761391742
2018-12-28,0.0545981810313982
2018-12-31,-0.00320996867950152
2019-01-02,-0.0705823481146566
2019-01-03,-0.0319775891947374
2019-01-04,0.0560942725927247
2019-01-07,0.0529351226307631
2019-01-08,0.0011635991581902
2019-01-09,0.00943794748198012
2019-01-10,0.0188447160864507
2019-01-11,0.00661637998129905
2019-01-14,-0.0377359328831655
2019-01-15,0.0295530034599651
2019-01-16,0.0046923879374523
2019-01-17,0.00363446382955201
2019-01-18,-0.138930123748795
2019-01-22,-0.0111116463462522
2019-01-23,-0.0386401051679512
2019-01-24,0.0135384626784441
2019-01-25,0.0187925465946686
2019-01-28,-0.00222442666241518
2019-01-29,0.00363737273458797
2019-01-30,0.037316885392229
2019-01-31,-0.00568377719027069
2019-02-01,0.0167630865569421
2019-02-04,0.00217567819890752
2019-02-05,0.026679142656294
2019-02-06,-0.0129352461985195
2019-02-07,-0.0310879221818263
2019-02-08,-0.00557632901894012
2019-02-11,0.0227605987130635
2019-02-12,-0.00329793136392942
2019-02-13,-0.0117424290974375
2019-02-14,-0.0143807291013935
2019-02-15,0.0134392687987965
2019-02-19,-0.00730218831499929
2019-02-20,-0.0101282582430851
2019-02-21,-0.038166348352108
2019-02-22,0.0118785071773053
2019-02-25,0.0136821974373107
2019-02-26,-0.00305048796451768
2019-02-27,0.0551234391709956
2019-02-28,0.0161989319803242
2019-03-01,-0.0816826838346185
2019-03-04,-0.0325116593184531
2019-03-05,-0.0313960292192736
2019-03-06,-0.00108544768704322
2019-03-07,0.0012661721837981
2019-03-08,0.0269308472829772
2019-03-11,0.0235812231146024
2019-03-12,-0.0263301258977173
2019-03-13,0.0195700774093934
2019-03-14,0.00345475826078356
2019-03-15,-0.0514095390892706
2019-03-18,-0.0218022244047367
2019-03-19,-0.00752386101118097
2019-03-20,0.0226597723841904
2019-03-21,0.00153390401360776
2019-03-22,-0.0352464803045356
2019-03-25,-0.0156588550190762
2019-03-26,0.0278326771491617
2019-03-27,0.0260243331388255
2019-03-28,0.0136961108035494
2019-03-29,0.00444061732689915
2019-04-01,0.0327598919210979
2019-04-02,-0.0114772528289708
2019-04-03,0.0205308104637711
2019-04-04,-0.0859372221678516
2019-04-05,0.0264599700731267
2019-04-08,-0.0064215612434384
2019-04-09,-0.00326303030242503
2019-04-10,0.013677110691162
2019-04-11,-0.0280652786610629
2019-04-12,-0.00268598625244865
2019-04-15,-0.00494305289830654
2019-04-16,0.0258657797786408
2019-04-17,-0.00782244895881323
2019-04-18,0.00745648590506409
2019-04-22,-0.0392207005893215
2019-04-23,0.00436718900471567
2019-04-24,-0.0200557563420816
2019-04-25,-0.0435787115459876
2019-04-26,-0.0517546577903119
2019-04-29,0.026564156668389
2019-04-30,-0.0115795381599719
2019-05-01,-0.0198018062312664
2019-05-02,0.0422140612366806
2019-05-03,0.043803300784425
2019-05-06,0.00121477306616935
2019-05-07,-0.0329647705420815
2019-05-08,-0.00902632994203723
2019-05-09,-0.0117498292237594
2019-05-10,-0.0102181297494628
2019-05-13,-0.0536428886924121
2019-05-14,0.0230786265542595
2019-05-15,-0.00155086629318557
2019-05-16,-0.0157298590740438
2019-05-17,-0.0787916025381916
2019-05-20,-0.0272357843861588
2019-05-21,-0.00136443014917287
2019-05-22,-0.0621098589714948
2019-05-23,0.0142189821565242
2019-05-24,-0.0251748779465366
2019-05-28,-0.0101759408219069
2019-05-29,0.00612851535858816
2019-05-30,-0.00867544348501159
2019-05-31,-0.0163912131454835
2019-06-03,-0.0340021734607441
2019-06-04,0.0785760501617285
2019-06-05,0.015326155905719
2019-06-06,0.0465130498970856
2019-06-07,-0.00706542138571731
2019-06-10,0.0401606879302534
2019-06-11,0.0196294245551334
2019-06-12,-0.0367805294636709
2019-06-13,0.0219778292975898
2019-06-14,0.0047104921776806
2019-06-17,0.0459678463340856
2019-06-18,-0.00128951830843738
2019-06-19,0.00749163220645599
2019-06-20,-0.0305370990028009
2019-06-21,0.0101478145822371
2019-06-24,0.00799106270044581
2019-06-25,-0.0175015316194758
2019-06-26,-0.00223222829738523
2019-06-27,0.0161501723096342
2019-06-28,0.00277839292889626
2019-07-01,0.0164662217243592
2019-07-02,-0.0116002188396305
2019-07-03,0.0450614645497254
2019-07-05,-0.00769233833411764
2019-07-08,-0.011911068824034
2019-07-09,-0.00121636992439456
2019-07-10,0.03778869128615
2019-07-11,-0.00134028086511151
2019-07-12,0.0267961878517049
2019-07-15,0.0337790973478014
2019-07-16,-0.00442795334681501
2019-07-17,0.00977856748626582
2019-07-18,-0.00519284709131496
2019-07-19,0.0181354423657201
2019-07-22,-0.00973031626180498
2019-07-23,0.0174086141742147
2019-07-24,0.0179415822853075
2019-07-25,-0.146341181453609
2019-07-26,-0.00341461898249795
2019-07-29,0.0333356901228385
2019-07-30,0.0271547822686533
2019-07-31,-0.00268677461622868
2019-08-01,-0.0326448934503509
2019-08-02,0.00209319962788612
2019-08-05,-0.0260249913184589
2019-08-06,0.0105867628482259
2019-08-07,0.011504500337379
2019-08-08,0.02069105546853
2019-08-09,-0.013902398156969
2019-08-12,-0.0258623718651849
2019-08-13,0.0258198835342482
2019-08-14,-0.0676868025528403
2019-08-15,-0.0182883531715046
2019-08-16,0.0197444446248207
2019-08-19,0.0308459977489353
2019-08-20,-0.00428550542112527
2019-08-21,-0.0225221326329703
2019-08-22,0.00595967468483583
2019-08-23,-0.0496007905948415
2019-08-26,0.0168859388287794
2019-08-27,-0.00428820709192257
2019-08-28,0.00702870185597204
2019-08-29,0.0279917640774299
2019-08-30,0.0174375743431447
2019-09-03,-0.00266299669372971
2019-09-04,-0.0194311612960165
2019-09-05,0.0395378586989752
2019-09-06,-0.00932113182299243
2019-09-09,0.0189014181814615
2019-09-10,0.0160489604898948
2019-09-11,0.0479123278469409
2019-09-12,-0.00499021670421795
2019-09-13,-0.00272871399681307
2019-09-16,-0.00979501223596246
2019-09-17,0.00812145435153866
2019-09-18,-0.00532467464161313
2019-09-19,0.0126916719042183
2019-09-20,-0.0245487654636052
2019-09-23,0.00253202301923405
2019-09-24,-0.0776378439567611
2019-09-25,0.0242980800602939
2019-09-26,0.058838046284865
2019-09-27,-0.00177437886642817
2019-09-30,-0.00521738026989516
2019-10-01,0.0157347715606133
2019-10-02,-0.00639582871689148
2019-10-03,-0.0424291882955377
2019-10-04,-0.00688968053642913
2019-10-07,0.0268160055045108
2019-10-08,0.0097536767485491
2019-10-09,0.0184908432944826
2019-10-10,0.000858418039817899
2019-10-11,0.0127886214363557
2019-10-14,0.0359353915595522
2019-10-15,0.00361272261965162
2019-10-16,0.00718652414257681
2019-10-17,0.00851029482511878
2019-10-18,-0.0193485117593606
2019-10-21,-0.0135176639871459
2019-10-22,0.00817173112557068
2019-10-23,-0.00352769770513062
2019-10-24,0.162707386740758
2019-10-25,0.0906946713982704
2019-10-28,-0.00128079475631138
2019-10-29,-0.0356909315833547
2019-10-30,-0.00383373821461896
2019-10-31,-0.000285770735877211
2019-11-01,-0.00512556095819772
2019-11-04,0.0131902517782971
2019-11-05,-0.000787774161430832
2019-11-06,0.0290793388516501
2019-11-07,0.0270662591476669
2019-11-08,0.00475709549798475
2019-11-11,0.0233070082422722
2019-11-12,0.013927860226282
2019-11-13,-0.0109765175362107
2019-11-14,0.00931770649166097
2019-11-15,0.00803971654677271
2019-11-18,-0.00620946976181758
2019-11-19,0.0268652545327726
2019-11-20,-0.0205138688694917
2019-11-21,0.0073828123156483
2019-11-22,-0.063376140528169
2019-11-25,0.00985991933331754
2019-11-26,-0.02230801073802
2019-11-27,0.00717960762332703
2019-11-29,-0.0040833118344672
2019-12-02,0.014831577778426
2019-12-03,0.00396383523019628
2019-12-04,-0.00947368504413904
2019-12-05,-0.00801927367258592
2019-12-06,0.0165704874791692
2019-12-09,0.0107784794846837
2019-12-10,0.0270511324829843
2019-12-11,0.0110044094753938
2019-12-12,0.0195969360626749
2019-12-13,-0.00359290708433857
2019-12-16,0.0624889906066035
2019-12-17,-0.00660096662486742
2019-12-18,0.0366813344046459
2019-12-19,0.0273227300440038
2019-12-20,0.00382888396583425
2019-12-23,0.0330530426375963
2019-12-24,0.0142814045771913
2019-12-26,0.013291643487757
2019-12-27,-0.00130036853014603
2019-12-30,-0.0371131230011543
2019-12-31,0.00871517963027024
2020-01-02,0.0281191013360815
2020-01-03,0.0292026789322333
2020-01-06,0.0190716121747556
2020-01-07,0.0380667058680859
2020-01-08,0.0480325684930665
2020-01-09,-0.0221893854768624
2020-01-10,-0.0066493556809788
2020-01-13,0.0932070232210211
2020-01-14,0.024578286172626
2020-01-15,-0.0367698131175809
2020-01-16,-0.00970946227670888
2020-01-17,-0.00583991330438405
2020-01-21,0.0694237311002195
2020-01-22,0.0400498351449134
2020-01-23,0.00462441304460848
2020-01-24,-0.012981499419034
2020-01-27,-0.0121123318578973
2020-01-28,0.0157880927878589
2020-01-29,0.0245506647307923
2020-01-30,0.0979995227007793
2020-01-31,0.0151158679239636
2020-02-03,0.181445000867659
2020-02-04,0.128618697028534
2020-02-05,-0.188450373431871
2020-02-06,0.0192233585156907
2020-02-07,-0.00118903042221419
2020-02-10,0.0305549043455802
2020-02-11,0.00401120528575083
2020-02-12,-0.00919782856707707
2020-02-13,0.0467343882730451
2020-02-14,-0.00494998666292235
2020-02-18,0.0704209168261087
2020-02-19,0.0664951765319604
2020-02-20,-0.0198263547776198
2020-02-21,0.00176624804434233
2020-02-24,-0.0775236949346771
2020-02-25,-0.0414823579720531
2020-02-26,-0.0267449495350185
2020-02-27,-0.137133116290612
2020-02-28,-0.0163479503274218
2020-03-02,0.10725702478591
2020-03-03,0.00253838509882343
2020-03-04,0.00533774622406824
2020-03-05,-0.0338693767916483
2020-03-06,-0.0294975101354771
2020-03-09,-0.14586457137702
2020-03-10,0.0595869295516849
2020-03-11,-0.0173500989279747
2020-03-12,-0.123493284024085
2020-03-13,-0.0251645413614749
2020-03-16,-0.205522302175501
2020-03-17,-0.0339813450061213
2020-03-18,-0.174763043660033
2020-03-19,0.168794512602862
2020-03-20,-0.000257206689945555
2020-03-23,0.0156880436656941
2020-03-24,0.150845933651713
2020-03-25,0.0656208394468663
2020-03-26,-0.0207800386755279
2020-03-27,-0.0264758053123479
2020-03-30,-0.0240643872756365
2020-03-31,0.0426326382128748
2020-04-01,-0.0844608765222881
2020-04-02,-0.0578989210005161
2020-04-03,0.0546750493919448
2020-04-06,0.072764818958293
2020-04-07,0.0550393941425473
2020-04-08,0.00619576106872755
2020-04-09,0.0430787972074018
2020-04-13,0.12754711640907
2020-04-14,0.0866771798728836
2020-04-15,0.0277016207573819
2020-04-16,0.0208544284936329
2020-04-17,0.0115804110415589
2020-04-20,-0.0100384655810988
2020-04-21,-0.0832813747906371
2020-04-22,0.0640041551026957
2020-04-23,-0.0368397910892861
2020-04-24,0.0272875309889935
2020-04-27,0.0966694577995728
2020-04-28,-0.0378010178143064
2020-04-29,0.0400020202809364
2020-04-30,-0.0235477599807372
2020-05-01,-0.108737002207407
2020-05-04,0.0819187203405192
2020-05-05,0.00918018066502313
2020-05-06,0.0185330235977834
2020-05-07,-0.00325097387020978
2020-05-08,0.0492515460482918
2020-05-11,-0.0099711964068967
2020-05-12,-0.0023199593370764
2020-05-13,-0.023058180930537
2020-05-14,0.0155181608895636
2020-05-15,-0.00519188016563188
2020-05-18,0.0179320410995949
2020-05-19,-0.00693130945911014
2020-05-20,0.00930057241369431
2020-05-21,0.0146549347350131
2020-05-22,-0.0130377003560622
2020-05-26,0.00243308194738079
2020-05-27,0.00165946704186837
2020-05-28,-0.0177367519397302
2020-05-29,0.0355837254096443
2020-06-01,0.0728496670370236
2020-06-02,-0.018588326218028
2020-06-03,0.00158678399328771
2020-06-04,-0.0212674108205588
2020-06-05,0.0243206463836936
2020-06-08,0.0700446484785786
2020-06-09,-0.00978535494822097
2020-06-10,0.0859043169063254
2020-06-11,-0.0522770464278244
2020-06-12,-0.0393737032908978
2020-06-15,0.0577676153207154
2020-06-16,-0.00888988888289788
2020-06-17,0.00978766625459837
2020-06-18,0.0121960584329939
2020-06-19,-0.00305250604999152
2020-06-22,-0.00659579703990509
2020-06-23,0.00747455577125322
2020-06-24,-0.0417154124446482
2020-06-25,0.0258178446285884
2020-06-26,-0.0269737005061428
2020-06-29,0.0503994476368375
2020-06-30,0.0674785528084545
2020-07-01,0.0362131249540054
2020-07-02,0.076514035021872
2020-07-06,0.126451081176827
2020-07-07,0.0132396561975883
2020-07-08,-0.0174040764365433
2020-07-09,0.0205792437803947
2020-07-10,0.102419182724889
2020-07-13,-0.0312941797971575
2020-07-14,0.0130996863239039
2020-07-15,0.0190745006720041
2020-07-16,-0.0297857274850317
2020-07-17,0.00013329605943202
2020-07-20,0.0904988854849202
2020-07-21,-0.0464933320159089
2020-07-22,0.0151678607104415
2020-07-23,-0.0510576941284668
2020-07-24,-0.0655987028848894
2020-07-27,0.0829806703881912
2020-07-28,-0.0418549471842908
2020-07-29,0.0152039047041796
2020-07-30,-0.00778145458192903
2020-07-31,-0.0388843396398704
2020-08-03,0.0372089724756508
2020-08-04,0.00134587470043712
2020-08-05,-0.00133238848791173
2020-08-06,0.00306596939859727
2020-08-07,-0.0250634246300816
2020-08-10,-0.0237814653642303
2020-08-11,-0.031639347547503
2020-08-12,0.123311189212073
2020-08-13,0.0417220538042997
2020-08-14,0.0181622598721383
2020-08-17,0.1061876968398
2020-08-18,0.0276427680097351
2020-08-19,-0.00454637825030435
2020-08-20,0.0635722137952808
2020-08-21,0.0237682115404843
2020-08-24,-0.0176079200062986
2020-08-25,0.00452748663274249
2020-08-26,0.0621915738853787
2020-08-27,0.0389765287334845
2020-08-28,-0.0113878960894116
2020-08-31,0.118395341412765
2020-09-01,-0.0478223860669527
2020-09-02,-0.0600340842864426
2020-09-03,-0.094572792977301
2020-09-04,0.0274334844550452
2020-09-08,-0.236517894457677
2020-09-09,0.103669231146576
2020-09-10,0.0137200310400267
2020-09-11,0.00370937519670989
2020-09-14,0.118522114241472
2020-09-15,0.0693645303890431
2020-09-16,-0.0179473937384556
2020-09-17,-0.0423785433655937
2020-09-18,0.0432610193769438
2020-09-21,0.0162418950820458
2020-09-22,-0.0576152854147196
2020-09-23,-0.109157612608985
2020-09-24,0.019345803747207
2020-09-25,0.0491842305281933
2020-09-28,0.0334595282361727
2020-09-29,-0.00506974890260015
2020-09-30,0.0234421924230475
2020-10-01,0.0436701734229388
2020-10-02,-0.0766550351252855
2020-10-05,0.0251925186309219
2020-10-06,-0.0278701840773117
2020-10-07,0.0269771203982252
2020-10-08,0.00145672152478937
2020-10-09,0.0187930741766982
2020-10-12,0.0189438225151211
2020-10-13,0.00978688470872235
2020-10-14,0.032273287618783
2020-10-15,-0.0272929957740722
2020-10-16,-0.0207310922653763
2020-10-19,-0.0203108910713814
2020-10-20,-0.0208504553718782
2020-10-21,0.00165765789660455
2020-10-22,0.00742542785939904
2020-10-23,-0.0121925800893132
2020-10-26,-0.00083244606319699
2020-10-27,0.0104147376766139
2020-10-28,-0.0449335344853292
2020-10-29,0.0117770785275484
2020-10-30,-0.057071061150066
2020-11-02,0.0316302733808085
2020-11-03,0.0567589167844185
2020-11-04,-0.00691231973533935
2020-11-05,0.0398390801402551
2020-11-06,-0.0187554446022595
2020-11-09,-0.0204187085416008
2020-11-10,-0.0262153825105012
2020-11-11,0.0163631108130708
2020-11-12,-0.012957330573613
2020-11-13,-0.00794865329304884
2020-11-16,-0.00100422231360575
2020-11-17,0.0789394462291
2020-11-18,0.0970974531894653
2020-11-19,0.0256224419450541
2020-11-20,-0.0195378824653574
2020-11-23,0.0637709844842478
2020-11-24,0.0622723727366568
2020-11-25,0.0329768242774717
2020-11-27,0.02028074420822
2020-11-30,-0.0314931847884399
2020-12-01,0.0297845680934472
2020-12-02,-0.0276374179331409
2020-12-03,0.0422709321229524
2020-12-04,0.00949332573004202
2020-12-07,0.068886056292822
2020-12-08,0.0125733210333507
2020-12-09,-0.0724191372504093
2020-12-10,0.0366895872460002
2020-12-11,-0.027615591895457
2020-12-14,0.047759970183427
2020-12-15,-0.0103372779933357
2020-12-16,-0.0166880131840408
2020-12-17,0.0518310773923849
2020-12-18,0.0579035385257543
2020-12-21,-0.0671549349850951
2020-12-22,-0.0147576291342038
2020-12-23,0.00876920991536068
2020-12-24,0.024149533626975
2020-12-28,0.00289710673477828
2020-12-29,0.00345953289450129
2020-12-30,0.0423205823235779
2020-12-31,0.0155524130074873
2021-01-04,0.033581739956043
2021-01-05,0.00729072684983745
2021-01-06,0.027994766442438
2021-01-07,0.076448468690149
2021-01-08,0.0754812381608057
2021-01-11,-0.0814423136481173
2021-01-12,0.0460750033550754
2021-01-13,0.00583390055163502
2021-01-14,-0.0110746210194357
2021-01-15,-0.0225481643849266
2021-01-19,0.0220154998156934
2021-01-20,0.00696170884125102
2021-01-21,-0.00644085410318418
2021-01-22,0.00195073858574801
2021-01-25,0.0395550862007328
2021-01-26,0.00259654487852856
2021-01-27,-0.021669174678463
2021-01-28,-0.0338114593341121
2021-01-29,-0.0514551337081297
2021-02-01,0.0566843258529861
2021-02-02,0.038519242691657
2021-02-03,-0.0209561189511698
2021-02-04,-0.00551429563159545
2021-02-05,0.00263188321566066
2021-02-08,0.0130448421069369
2021-02-09,-0.0163004551425106
2021-02-10,-0.0539821105465146
2021-02-11,0.0084628784230425
2021-02-12,0.00547985901275361
2021-02-16,-0.0246858649573998
2021-02-17,0.00242093439933466
2021-02-18,-0.0135855582488125
2021-02-19,-0.00775180126050756
2021-02-22,-0.0893761255928762
2021-02-23,-0.0221611845253911
2021-02-24,0.0599543479756193
2021-02-25,-0.0840240162824406
2021-02-26,-0.00989898590447336
2021-03-01,0.061615106636749
2021-03-02,-0.0455494393062885
2021-03-03,-0.0496354675352393
2021-03-04,-0.0498440101928219
2021-03-05,-0.0385322362804192
2021-03-08,-0.0602274780687786
2021-03-09,0.179327141405246
2021-03-10,-0.00822883328017987
2021-03-11,0.0461307666906032
2021-03-12,-0.0084259004004279
2021-03-15,0.0202764965771216
2021-03-16,-0.0448653369475762
2021-03-17,0.0361686976135056
2021-03-18,-0.0718405590597637
2021-03-19,0.00261458405687431
2021-03-22,0.0228409777129581
2021-03-23,-0.011770465503008
2021-03-24,-0.0493589425351884
2021-03-25,0.0159290832345711
2021-03-26,-0.0344407132893618
2021-03-29,-0.0120651592184009
2021-03-30,0.0390294245234024
2021-03-31,0.04958242699343
2021-04-01,-0.00929552576717185
2021-04-05,0.0433243884977692
2021-04-06,0.000824436171884102
2021-04-07,-0.0303122370574842
2021-04-08,0.0189410760070006
2021-04-09,-0.00996463824588378
2021-04-12,0.0362040640829173
2021-04-13,0.0824615371588111
2021-04-14,-0.0402717990789414
2021-04-15,0.00900030667751217
2021-04-16,0.00125791141278597
2021-04-19,-0.0345879092544488
2021-04-20,0.00608248141517098
2021-04-21,0.0343548492460437
2021-04-22,-0.0333817179509159
2021-04-23,0.0134017028755293
2021-04-26,0.0119925164551242
2021-04-27,-0.0463858598542304
2021-04-28,-0.0147807940251647
2021-04-29,-0.0253768371313425
2021-04-30,0.0468046129099369
2021-05-03,-0.0352030527898703
2021-05-04,-0.0166363609294207
2021-05-05,-0.00395677680732653
2021-05-06,-0.0110906126333958
2021-05-07,0.013219694470215
2021-05-10,-0.0666139869184468
2021-05-11,-0.0190016724857118
2021-05-12,-0.0452570365950251
2021-05-13,-0.0313391862853907
2021-05-14,0.031084853734475
2021-05-17,-0.022134145780063
2021-05-18,0.00180132249520426
2021-05-19,-0.0252525627957629
2021-05-20,0.0405536014084715
2021-05-21,-0.0101058092395174
2021-05-24,0.0430616220297031
2021-05-25,-0.00288983995108527
2021-05-26,0.0235992907423208
2021-05-27,0.0187529002060662
2021-05-28,-0.00896458489058105
2021-06-01,-0.00211350046911463
2021-06-02,-0.0305632874758626
2021-06-03,-0.0548203115462353
2021-06-04,0.0447386063255468
2021-06-07,0.0100982720858633
2021-06-08,-0.00254816555988935
2021-06-09,-0.00800090340765713
2021-06-10,0.0187614008396295
2021-06-11,-0.000377089120381591
2021-06-14,0.0127081304169314
2021-06-15,-0.0301242971606719
2021-06-16,0.00915115578861858
2021-06-17,0.0192069740346916
2021-06-18,0.0108234577908481
2021-06-21,-0.00398673707322672
2021-06-22,0.00462825670232281
2021-06-23,0.051343820984032
2021-06-24,0.0347987419647637
2021-06-25,-0.0117632283057381
2021-06-28,0.0247699419617469
2021-06-29,-0.0116249910648101
2021-06-30,-0.00155829319457812
2021-07-01,-0.00262225819371587
2021-07-02,0.00144459312403811
2021-07-06,-0.0288705831981337
2021-07-07,-0.0228957472060278
2021-07-08,0.0125785940312833
2021-07-09,0.00632181224902606
2021-07-12,0.0428322791705433
2021-07-13,-0.0253439896778929
2021-07-14,-0.0229373231117087
2021-07-15,-0.00426387362952863
2021-07-16,-0.00985471516598224
2021-07-19,0.00309967310365966
2021-07-20,0.0218571657059643
2021-07-21,-0.00791929485261367
2021-07-22,-0.00924460786068693
2021-07-23,-0.00909768358493057
2021-07-26,0.0218916887137857
2021-07-27,-0.0197180780313762
2021-07-28,0.00340622765453791
2021-07-29,0.045872758461833
2021-07-30,0.0144372086643809
2021-08-02,0.0321747259471108
2021-08-03,9.86213490890009e-05
2021-08-04,0.00166116832735153
2021-08-05,0.00520507256815428
2021-08-06,-0.0219711303460866
2021-08-09,0.0207529396090527
2021-08-10,-0.00529589200932357
2021-08-11,-0.00306103724515783
2021-08-12,0.0201815049169669
2021-08-13,-0.00705840910332256
2021-08-16,-0.044187544712865
2021-08-17,-0.0302712351694687
2021-08-18,0.0343725925857186
2021-08-19,-0.0227832670483945
2021-08-20,0.0100315716291446
2021-08-23,0.0375650332084865
2021-08-24,0.00309585018572633
2021-08-25,0.00381774898732701
2021-08-26,-0.0142175683314214
2021-08-27,0.0152294528326271
2021-08-30,0.0263247946318295
2021-08-31,0.00655927491999986
2021-09-01,-0.00221798126274919
2021-09-02,-0.00231847373209693
2021-09-03,0.00160983610251808
2021-09-07,0.0260359426884866
2021-09-08,0.0012609548743896
2021-09-09,0.00131236955331371
2021-09-10,-0.0249353563755497
2021-09-13,0.0090991394444444
2021-09-14,0.00200334182872108
2021-09-15,0.0151170583193698
2021-09-16,0.0015335851645748
2021-09-17,0.00329709196691308
2021-09-20,-0.0393697612985857
2021-09-21,0.012534643183808
2021-09-22,0.0168445123601479
2021-09-23,0.00225826282049191
2021-09-24,0.0271608419720168
2021-09-27,0.0216774013775582
2021-09-28,-0.0175921953475457
2021-09-29,0.00481118643442446
2021-09-30,-0.00748978804509814
2021-10-01,-0.000335345012937083
2021-10-04,0.00810667334888837
2021-10-05,-0.00120357410823679
2021-10-06,0.00276332099987275
2021-10-07,0.0137788939291204
2021-10-08,-0.0102845395622726
2021-10-11,0.00817799740122904
2021-10-12,0.0172506161383188
2021-10-13,0.00663034959376141
2021-10-14,0.00888686567299768
2021-10-15,0.0297490749171079
2021-10-18,0.0316171144399719
2021-10-19,-0.00673448647468966
2021-10-20,0.00176874888216716
2021-10-21,0.0320518190169299
2021-10-22,0.0173870725439302
2021-10-25,0.11921843486747
2021-10-26,-0.00629381495929948
2021-10-27,0.0188987275349
2021-10-28,0.0370556294441746
2021-10-29,0.0337406232771329
2021-11-01,0.0814972441958259
2021-11-02,-0.0307427479795788
2021-11-03,0.035093687551659
2021-11-04,0.0131356462854608
2021-11-05,-0.00637846918612528
2021-11-08,-0.0496112461755773
2021-11-09,-0.127723187289024
2021-11-10,0.0425128380906914
2021-11-11,-0.00416619537686636
2021-11-12,-0.0287010652795621
2021-11-15,-0.0195725431569214
2021-11-16,0.0399836609057944
2021-11-17,0.0319842161038597
2021-11-18,0.00674481279182082
2021-11-19,0.0364321344573506
2021-11-22,0.0172720969095312
2021-11-23,-0.0422322934487145
2021-11-24,0.00626510565980887
2021-11-26,-0.0310135828038396
2021-11-29,0.0496471567513419
2021-11-30,0.00681057867278589
2021-12-01,-0.0444406533109429
2021-12-02,-0.00954313035338128
2021-12-03,-0.0663521763056876
2021-12-06,-0.00588939480583761
2021-12-07,0.0414858107009337
2021-12-08,0.0162307612457111
2021-12-09,-0.0628934172702751
2021-12-10,0.0130938274827992
2021-12-13,-0.0510537759246281
2021-12-14,-0.00820817327099999
2021-12-15,0.0180723254355319
2021-12-16,-0.0515850556723239
2021-12-17,0.00607694734189934
2021-12-20,-0.035616059795486
2021-12-21,0.0419866565428304
2021-12-22,0.0722714094245891
2021-12-23,0.0560200256741856
2021-12-27,0.0249349164022528
2021-12-28,-0.00501281855000979
2021-12-29,-0.00209690725030676
2021-12-30,-0.0146997827326114
2021-12-31,-0.0127497748747523
2022-01-03,0.126911628922675
2022-01-04,-0.0427328783005958
2022-01-05,-0.0549538953529138
2022-01-06,-0.0217583798414873
2022-01-07,-0.0360900489502169
2022-01-10,0.0298907407494928
2022-01-11,0.0059174817761587
2022-01-12,0.0385375461284374
2022-01-13,-0.0698765546567506
2022-01-14,0.0173464354575534
2022-01-18,-0.0183648474543423
2022-01-19,-0.034413300098544
2022-01-20,0.000622510083266192
2022-01-21,-0.053998072293143
2022-01-24,-0.0148356357173229
2022-01-25,-0.0125515672278143
2022-01-26,0.0204877382234079
2022-01-27,-0.122779974659107
2022-01-28,0.0205922103628922
2022-01-31,0.101451387417766
2022-02-01,-0.00585664334123059
2022-02-02,-0.027863806904989
2022-02-03,-0.0161624058744367
2022-02-04,0.0354743868164942
2022-02-07,-0.01745870657561
2022-02-08,0.0160280522712428
2022-02-09,0.0107875252854912
2022-02-10,-0.029895212969282
2022-02-11,-0.0505052152101291
2022-02-14,0.0181597730322958
2022-02-15,0.0519193244584573
2022-02-16,0.0010402120327635
2022-02-17,-0.0522861018016281
2022-02-18,-0.0223509675614775
2022-02-22,-0.0422461771814087
2022-02-23,-0.0725483016825832
2022-02-24,0.0469536740939791
2022-02-25,0.0112999457772824
2022-02-28,0.0721136341356567
2022-03-01,-0.0069864921445717
2022-03-02,0.0177960047029684
2022-03-03,-0.0472405751156115
2022-03-04,-0.00119223005047608
2022-03-07,-0.0410436910118586
2022-03-08,0.0243354191490068
2022-03-09,0.0410781938701001
2022-03-10,-0.0243580177868576
2022-03-11,-0.0525937036596655
2022-03-14,-0.0371172015493251
2022-03-15,0.0453063460936685
2022-03-16,0.0467042190743454
2022-03-17,0.0366549344227769
2022-03-18,0.0380351975115598
2022-03-21,0.017268009913467
2022-03-22,0.0760832835954011
2022-03-23,0.00514786304476544
2022-03-24,0.0147143395949598
2022-03-25,-0.00324018170398954
2022-03-28,0.0772805071025395
2022-03-29,0.00705491356722554
2022-03-30,-0.00508767444005187
2022-03-31,-0.0150951741656193
2022-04-01,0.00646565191893522
2022-04-04,0.0545955781797378
2022-04-05,-0.0484646372804685
2022-04-06,-0.0425890697684643
2022-04-07,0.0109367907803701
2022-04-08,-0.030510186068029
2022-04-11,-0.0495349318175133
2022-04-12,0.0112285369327756
2022-04-13,0.0352593735861868
2022-04-14,-0.0372370933892237
2022-04-18,0.0193944395196342
2022-04-19,0.0234802618391177
2022-04-20,-0.0508250216377197
2022-04-21,0.0318056360853474
2022-04-22,-0.00370442960706985
2022-04-25,-0.00701922259288601
2022-04-26,-0.129927857528207
2022-04-27,0.00579087891874419
2022-04-28,-0.00454802951355671
2022-04-29,-0.00772195793706842
2022-05-02,0.0362897728278
2022-05-03,0.00696397490202383
2022-05-04,0.0465959927966653
2022-05-05,-0.0869599090510151
2022-05-06,-0.00877557365585879
2022-05-09,-0.0951126361970935
2022-05-10,0.0162937076302638
2022-05-11,-0.0861526495504634
2022-05-12,-0.00820798024649516
2022-05-13,0.0555568315890014
2022-05-16,-0.0605555959183004
2022-05-17,0.0501322895822787
2022-05-18,-0.0704372692602826
2022-05-19,-0.000549614458010161
2022-05-20,-0.0663161611759957
2022-05-23,0.0164329505815575
2022-05-24,-0.0717695588875689
2022-05-25,0.0476250848880317
2022-05-26,0.0716426544529076
2022-05-27,0.0707688185938524
2022-05-31,-0.00180519176771998
2022-06-01,-0.0238762733412248
2022-06-02,0.0457130346957761
2022-06-03,-0.0967241388472253
2022-06-06,0.0159198064219792
2022-06-07,0.00254282018063101
2022-06-08,0.0123973507263582
2022-06-09,-0.00897067173744936
2022-06-10,-0.0316877053198592
2022-06-13,-0.0736697265588022
2022-06-14,0.0236063223571987
2022-06-15,0.0533736162801137
2022-06-16,-0.0892768858195714
2022-06-17,0.0170291576096364
2022-06-21,0.0894241163447553
2022-06-22,-0.0040158586613348
2022-06-23,-0.00431560975215106
2022-06-24,0.0442550326082847
2022-06-27,-0.00320678676170072
2022-06-28,-0.0513391457806147
2022-06-29,-0.0181000036113943
2022-06-30,-0.0177355774717709
2022-07-01,0.0123525241335756
2022-07-05,0.0252151149051594
2022-07-06,-0.00573722846647939
2022-07-07,0.0538052294718794
2022-07-08,0.0251170782848407
2022-07-11,-0.0677223141456045
2022-07-12,-0.00544842739779572
2022-07-13,0.0168900058861228
2022-07-14,0.00535748423688709
2022-07-15,0.00733029913086547
2022-07-18,0.0019974306168189
2022-07-19,0.0205050454636666
2022-07-20,0.00799144761896997
2022-07-21,0.0933124649988741
2022-07-22,0.00197327802558611
2022-07-25,-0.0140937879540939
2022-07-26,-0.0363152186530851
2022-07-27,0.05982904612857
2022-07-28,0.0218823478271712
2022-07-29,0.0562383288907169
2022-08-01,0.000426220679202949
2022-08-02,0.01107286947998
2022-08-03,0.0224028586266503
2022-08-04,0.00401495213559233
2022-08-05,-0.0686033118290172
2022-08-08,0.00778902071891885
2022-08-09,-0.0247155543645281
2022-08-10,0.0381680610081796
2022-08-11,-0.0265999552703144
2022-08-12,0.0456902631307825
2022-08-15,0.0304938978313558
2022-08-16,-0.00895202587652033
2022-08-17,-0.00840757835435824
2022-08-18,-0.00371310477037845
2022-08-19,-0.0206945146493664
2022-08-22,-0.0230271232558001
2022-08-23,0.0223078155877134
2022-08-24,0.00216777456504502
2022-08-25,-0.00346166907546408
2022-08-26,-0.02732301898385
2022-08-29,-0.011415491099771
2022-08-30,-0.0253159892361641
2022-08-31,-0.00755466846804165
2022-09-01,0.00560820016982788
2022-09-02,-0.0253955671316612
2022-09-06,0.0154604255838544
2022-09-07,0.033257556418409
2022-09-08,0.0194085865635412
2022-09-09,0.0353892428493436
2022-09-12,0.0156931567051117
2022-09-13,-0.0412094455730614
2022-09-14,0.0352458739401706
2022-09-15,0.00376019532689131
2022-09-16,-0.00131772014607545
2022-09-19,0.0186805376478159
2022-09-20,-0.00110066805483555
2022-09-21,-0.0260215926078642
2022-09-22,-0.0414385684786645
2022-09-23,-0.0470366535426816
2022-09-26,0.00246680285381284
2022-09-27,0.0247977373332287
2022-09-28,0.0170656620590659
2022-09-29,-0.0705303078173909
2022-09-30,-0.011097446407077
2022-10-03,-0.0900835484784546
2022-10-04,0.0286291860813765
2022-10-05,-0.0352101844237271
2022-10-06,-0.011191467132619
2022-10-07,-0.0653311071582534
2022-10-10,-0.000493243096293838
2022-10-11,-0.0294018658435764
2022-10-12,0.00341221101025369
2022-10-13,0.0204125716044121
2022-10-14,-0.0784541057991843
2022-10-17,0.067707431179663
2022-10-18,0.00382216564672966
2022-10-19,0.00836669450034577
2022-10-20,-0.0687869852200595
2022-10-21,0.0339594599796627
2022-10-24,-0.0149877241070842
2022-10-25,0.0515252119209917
2022-10-26,0.00993163996214896
2022-10-27,0.00200118783579128
2022-10-28,0.0151234465962702
2022-10-31,-0.0042977349472304
2022-11-01,0.00122985801565889
2022-11-02,-0.0580108949497573
2022-11-03,0.00153385809990603
2022-11-04,-0.0370920819822578
2022-11-07,-0.0513770098221196
2022-11-08,-0.0297668545677441
2022-11-09,-0.0743653903535817
2022-11-10,0.0713288882321237
2022-11-11,0.0271552022425094
2022-11-14,-0.0259499948304418
2022-11-15,0.0180091602853336
2022-11-16,-0.0393400499385876
2022-11-17,-0.0202660346606498
2022-11-18,-0.0164028100878593
2022-11-21,-0.0708220220403302
2022-11-22,0.0120790654034382
2022-11-23,0.0753095289310668
2022-11-25,-0.00185759950787201
2022-11-28,0.000328052705622639
2022-11-29,-0.0114915152569885
2022-11-30,0.0739025231812738
2022-12-01,0
2022-12-02,0.000821458425456001
2022-12-05,-0.0658052089735417
2022-12-06,-0.0145197548684504
2022-12-07,-0.0326712720115578
2022-12-08,-0.0034533869482507
2022-12-09,0.0318333811609541
2022-12-12,-0.0647730934033834
2022-12-13,-0.0417982813013147
2022-12-14,-0.0261226114048601
2022-12-15,0.00553310225712966
2022-12-16,-0.0483368050013135
2022-12-19,-0.00239920555827755
2022-12-20,-0.0839648383507461
2022-12-21,-0.0016704490129964
2022-12-22,-0.093023119281491
2022-12-23,-0.0177066754743977
2022-12-27,-0.121138258103991
2022-12-28,0.0325532612781663
2022-12-29,0.0777264027720674
2022-12-30,0.0111021598331771
2023-01-03,-0.130589992206654
2023-01-04,0.0499788410853386
2023-01-05,-0.0294690769600923
2023-01-06,0.0243521549982786
2023-01-09,0.0576545792779966
2023-01-10,-0.00771102796373757
2023-01-11,0.0361092045256131
2023-01-12,0.00275546279839123
2023-01-13,-0.00943246574695333
2023-01-17,0.0716364623305559
2023-01-18,-0.0208253322440557
2023-01-19,-0.0125807529968851
2023-01-20,0.0479772739232045
2023-01-23,0.0745736461200828
2023-01-24,0.000973434856070376
2023-01-25,0.00374579586834134
2023-01-26,0.104065009261508
2023-01-27,0.104361640699719
2023-01-30,-0.065265729435505
2023-01-31,0.0386066390224302
2023-02-01,0.0461972131901263
2023-02-02,0.0371174422897349
2023-02-03,0.00904165554314673
2023-02-06,0.0248492221366821
2023-02-07,0.0104707808207438
2023-02-08,0.0225078370282814
2023-02-09,0.0295169076908532
2023-02-10,-0.0516183345958154
2023-02-13,-0.0114934987143096
2023-02-14,0.0723780140301171
2023-02-15,0.0235671982135131
2023-02-16,-0.0586312432136316
2023-02-17,0.0305616787062961
2023-02-21,-0.0539472280491289
2023-02-22,0.0175280359772536
2023-02-23,0.0060060572674665
2023-02-24,-0.0260197773875985
2023-02-27,0.0531632421550174
2023-02-28,-0.00929023043685717
2023-03-01,-0.0143950897510638
2023-03-02,-0.0603226540914701
2023-03-03,0.035456129089515
2023-03-06,-0.0203275427331446
2023-03-07,-0.0319800306701392
2023-03-08,-0.0308915673688173
2023-03-09,-0.0511776378663935
2023-03-10,0.00300268311725205
2023-03-13,0.00597836507889582
2023-03-14,0.0490957821558142
2023-03-15,-0.015452165385498
2023-03-16,0.0201883422205489
2023-03-17,-0.0219632168547923
2023-03-20,0.0171725012241382
2023-03-21,0.0752922341169784
2023-03-22,-0.0330851466718221
2023-03-23,0.0055821275337733
2023-03-24,-0.00946089452644649
2023-03-27,0.00732562478610088
2023-03-28,-0.013753472002497
2023-03-29,0.0244876221590395
2023-03-30,0.00719498367177795
2023-03-31,0.06050416253224
2023-04-03,-0.0631191851881674
2023-04-04,-0.0113077358575771
2023-04-05,-0.0373489453432327
2023-04-06,-0.0024826323485545
2023-04-10,-0.00297645084621578
2023-04-11,0.0122813224456575
2023-04-12,-0.0340326325455047
2023-04-13,0.0292565392128337
2023-04-14,-0.00485303681681959
2023-04-17,0.0109666367500791
2023-04-18,-0.0147033525110665
2023-04-19,-0.0203898611316671
2023-04-20,-0.102540365251669
2023-04-21,0.012741333042305
2023-04-24,-0.015444550452119
2023-04-25,-0.0116331048653144
2023-04-26,-0.0440246539722446
2023-04-27,0.0410327192674531
2023-04-28,0.025394246651123
2023-05-01,-0.0152084597617277
2023-05-02,-0.00943698737117504
2023-05-03,0.0018696444027162
2023-05-04,0.00366674126600941
2023-05-05,0.0535054904604753
2023-05-08,0.010121459955025
2023-05-09,-0.0154869024132624
2023-05-10,-0.0036127886345092
2023-05-11,0.0207864250914387
2023-05-12,-0.0241145963370561
2023-05-15,-0.00975086010784398
2023-05-16,0.00102140882882473
2023-05-17,0.0431349331773943
2023-05-18,0.0172776858434425
2023-05-19,0.0182062559624327
2023-05-22,0.0473245988875997
2023-05-23,-0.0165495494530159
2023-05-24,-0.0155698503759343
2023-05-25,0.00854733322480339
2023-05-26,0.0460837654883788
2023-05-30,0.0405300087695002
2023-05-31,0.0136761322801773
2023-06-01,0.0174509793674256
2023-06-02,0.0306080828275563
2023-06-05,0.0168686486291199
2023-06-06,0.0168599499197102
2023-06-07,0.0146230726721548
2023-06-08,0.0448020993308615
2023-06-09,0.0398166077882447
2023-06-12,0.0219744915626157
2023-06-13,0.034927016341884
2023-06-14,-0.00744904670493174
2023-06-15,-0.00347194420897168
2023-06-16,0.0179697137518193
2023-06-20,0.0520127064076714
2023-06-21,-0.0561666242646766
2023-06-22,0.0196544732936799
2023-06-23,-0.0307385125354136
2023-06-26,-0.0625140824557455
2023-06-27,0.0372961985807168
2023-06-28,0.0238138750970407
2023-06-29,0.00490525291413224
2023-06-30,0.0164464935454696
2023-07-03,0.0666803518306303
2023-07-05,0.00946122503264935
2023-07-06,-0.0212522836526619
2023-07-07,-0.00765931422695498
2023-07-10,-0.0177197766264863
2023-07-11,0.000667494260589763
2023-07-12,0.00812135474289644
2023-07-13,0.021496049775541
2023-07-14,0.0124447715166909
2023-07-17,0.0314843405686354
2023-07-18,0.0101419064636401
2023-07-19,-0.0071159607511051
2023-07-20,-0.102442664063603
2023-07-21,-0.0110151996375585
2023-07-24,0.0341758851013978
2023-07-25,-0.0141485266381958
2023-07-26,-0.00351186157513794
2023-07-27,-0.0332299896519377
2023-07-28,0.04110507058975
2023-07-31,0.00370873575283248
2023-08-01,-0.0240692238088309
2023-08-02,-0.0270213521135654
2023-08-03,0.0202956020122596
2023-08-04,-0.0212799121864187
2023-08-07,-0.00953878588298274
2023-08-08,-0.00698396541730517
2023-08-09,-0.0305376329084552
2023-08-10,0.0129224365223628
2023-08-11,-0.0110249379802916
2023-08-14,-0.0119816506003323
2023-08-15,-0.0287716062691645
2023-08-16,-0.032103247149653
2023-08-17,-0.0286877493225255
2023-08-18,-0.017161267109647
2023-08-21,0.0707145621837366
2023-08-22,0.00822448994977787
2023-08-23,0.0156156694903586
2023-08-24,-0.0292160742102938
2023-08-25,0.0364934046282883
2023-08-28,0.000963578485412953
2023-08-29,0.074066039589729
2023-08-30,-0.00108932000582929
2023-08-31,0.00458268199004674
2023-09-01,-0.051970558729419
2023-09-05,0.045790635803832
2023-09-06,-0.0179780698975929
2023-09-07,-0.00170832036401958
2023-09-08,-0.0119604036236671
2023-09-11,0.0961511890430504
2023-09-12,-0.0225491963205009
2023-09-13,0.0141803364110666
2023-09-14,0.0173206390374769
2023-09-15,-0.00599530828333794
2023-09-18,-0.0337646380790728
2023-09-19,0.00458837626053299
2023-09-20,-0.0147803771395525
2023-09-21,-0.0265889961041212
2023-09-22,-0.043236555785457
2023-09-25,0.00857955764210683
2023-09-26,-0.0116879845442686
2023-09-27,-0.0149397981287906
2023-09-28,0.0241549898062274
2023-09-29,0.0154654564157299
2023-10-02,0.00550001331731931
2023-10-03,-0.0203568641052447
2023-10-04,0.057649575361058
2023-10-05,-0.00425938706291706
2023-10-06,0.00184413974699904
2023-10-09,-0.00330636722350519
2023-10-10,0.0150970079606765
2023-10-11,-0.00239268225403499
2023-10-12,-0.0157899851818213
2023-10-13,-0.0303950932367432
2023-10-16,0.0110883564773907
2023-10-17,0.00365591116854525
2023-10-18,-0.048931487841962
2023-10-19,-0.0976162487265801
2023-10-20,-0.0375882945064188
2023-10-23,0.000424440954029492
2023-10-24,0.0207193710466207
2023-10-25,-0.0191175033877657
2023-10-26,-0.0318550239211124
2023-10-27,0.00745661981088386
2023-10-30,-0.0491375588495071
2023-10-31,0.0174790776188587
2023-11-01,0.0237157846751206
2023-11-02,0.0606074173319247
2023-11-03,0.00661398722315276
2023-11-06,-0.00314187551739842
2023-11-07,0.0131839645429856
2023-11-08,-0.000315073789938225
2023-11-09,-0.0561604896585841
2023-11-10,0.021996498496029
2023-11-13,0.0413418339994536
2023-11-14,0.0594380194775406
2023-11-15,0.0226141554690686
2023-11-16,-0.0388353490408084
2023-11-17,0.0030349323976635
2023-11-20,0.00553311914494437
2023-11-21,0.023490974516938
2023-11-22,-0.0294082747343118
2023-11-24,0.00528038626185623
2023-11-27,0.00267217466258352
2023-11-28,0.044083356931929
2023-11-29,-0.0105122665810455
2023-11-30,-0.0167696199826803
2023-12-01,-0.00522019932359719
2023-12-04,-0.0137014431321898
2023-12-05,0.0132407558257528
2023-12-06,0.0027191294607718
2023-12-07,0.0135684092751598
2023-12-08,0.00493339661492698
2023-12-11,-0.0169572317878304
2023-12-12,-0.0114527145310763
2023-12-13,0.00957386627289214
2023-12-14,0.0479759572029161
2023-12-15,0.00971168839454695
2023-12-18,-0.00561731831843382
2023-12-19,0.0201852498708908
2023-12-20,-0.0399767793773114
2023-12-21,0.0293458607841934
2023-12-22,-0.00773121056540393
2023-12-26,0.0159877400739061
2023-12-27,0.0186474555108624
2023-12-28,-0.0321041517301603
2023-12-29,-0.0187383270737902
2024-01-02,-0.000241487460747258
2024-01-03,-0.040961222799325
2024-01-04,-0.00218314996566438
2024-01-05,-0.00185094152508292
2024-01-08,0.0123866145766387
2024-01-09,-0.0230968395669358
2024-01-10,-0.00435063280627901
2024-01-11,-0.0291459661444975
2024-01-12,-0.0373493987774305
2024-01-16,0.0046490706588509
2024-01-17,-0.0200254730443694
2024-01-18,-0.0171728156296469
2024-01-19,0.00146201150026037
2024-01-22,-0.0161052405975797
2024-01-23,0.00162701062787018
2024-01-24,-0.00628343461072145
2024-01-25,-0.129258171701292
2024-01-26,0.00338906582672127
2024-01-29,0.0410554895978565
2024-01-30,0.00345082262898266
2024-01-31,-0.0226994710992781
2024-02-01,0.00834782117237065
2024-02-02,-0.00504285877699839
2024-02-05,-0.0371346897263605
2024-02-06,0.0220677979902719
2024-02-07,0.0133091782886492
2024-02-08,0.0105001533778015
2024-02-09,0.0209336577749708
2024-02-12,-0.0285060028175312
2024-02-13,-0.0220887686059079
2024-02-14,0.0251670101471122
2024-02-15,0.0603533431452812
2024-02-16,-0.00249750383375957
2024-02-20,-0.0314470685757904
2024-02-21,0.00519914572330649
2024-02-22,0.013463405650616
2024-02-23,-0.0279436866500529
2024-02-26,0.0379737107400286
2024-02-27,0.00165360616756782
2024-02-28,0.0114992312835689
2024-02-29,-0.000792178710700142
2024-03-01,0.00375751702265248
2024-03-04,-0.0742446393817504
2024-03-05,-0.0401267984332287
2024-03-06,-0.0235121233046405
2024-03-07,0.011881108742962
2024-03-08,-0.0187016250300802
2024-03-11,0.0137636786935573
2024-03-12,-0.0012947061441464
2024-03-13,-0.0464609972749672
2024-03-14,-0.0420568987793324
2024-03-15,0.00656307627791719
2024-03-18,0.0606641523426044
2024-03-19,-0.0143720348914576
2024-03-20,0.0250171338378271
2024-03-21,-0.0162996965428093
2024-03-22,-0.0115817121163273
2024-03-25,0.0104816834357511
2024-03-26,0.0287772826285844
2024-03-27,0.0120840836173679
2024-03-28,-0.0227219077399932
2024-04-01,-0.00324772841435106
2024-04-02,-0.0502665193510552
2024-04-03,0.0104475440544318
2024-04-04,0.0160832692026123
2024-04-05,-0.0369674355587799
2024-04-08,0.0478367636270889
2024-04-09,0.0222956079752112
2024-04-10,-0.0293734425655154
2024-04-11,0.0163995567737381
2024-04-12,-0.0205417490977027
2024-04-15,-0.0575746597383384
2024-04-16,-0.0274350686822196
2024-04-17,-0.0106220839713798
2024-04-18,-0.0361556472171101
2024-04-19,-0.0193957839026835
2024-04-22,-0.0345935559693178
2024-04-23,0.0183452266764341
2024-04-24,0.113874156218305
2024-04-25,0.0484581447047141
2024-04-26,-0.0111680155529861
2024-04-29,0.142427231711221
2024-04-30,-0.0571008420566503
2024-05-01,-0.0181137071742619
2024-05-02,0.000111050076069041
2024-05-03,0.00653384353557307
2024-05-06,0.0195114379087524
2024-05-07,-0.0383421050936192
2024-05-08,-0.0175308511942713
2024-05-09,-0.0158646494487078
2024-05-10,-0.0205623504505263
2024-05-13,0.0200970341453059
2024-05-14,0.0323975427880212
2024-05-15,-0.0202544187069114
2024-05-16,0.00487339117927998
2024-05-17,0.0148740201906925
2024-05-20,-0.0142450678702231
2024-05-21,0.0644671197522362
2024-05-22,-0.0353995423845923
2024-05-23,-0.0360078182888142
2024-05-24,0.031165760115992
2024-05-28,-0.0139894157882354
2024-05-29,-0.00317333271747877
2024-05-30,0.0146489231528326
2024-05-31,-0.003978997402597
2024-06-03,-0.0101025695960066
2024-06-04,-0.00865947998897099
2024-06-05,0.0013151256990529
2024-06-06,0.0166604546134952
2024-06-07,-0.002588526099216
2024-06-10,-0.0210102672932191
2024-06-11,-0.0181743405776276
2024-06-12,0.0381134774739351
2024-06-13,0.0287990105974449
2024-06-14,-0.0247460850077239
2024-06-17,0.0516191095939371
2024-06-18,-0.0138600220862104
2024-06-20,-0.0179574905174888
2024-06-21,0.00789947152069992
2024-06-24,-0.00235232297582399
2024-06-25,0.0257901146521267
2024-06-26,0.0470220520789288
2024-06-27,0.00533281981804823
2024-06-28,0.00232738132030796
2024-07-01,0.0587798336030136
2024-07-02,0.0971019503094777
2024-07-03,0.0633730489954125
2024-07-05,0.0206068822843744
2024-07-08,0.00562978987653828
2024-07-09,0.0364508858978922
2024-07-10,0.00353897209040621
2024-07-11,-0.0882207720854726
2024-07-12,0.0294343165137256
2024-07-15,0.0176098295709393
2024-07-16,0.015396997777537
2024-07-17,-0.0319197003322893
2024-07-18,0.00293330222099542
2024-07-19,-0.0410761384393883
2024-07-22,0.0501827190217119
2024-07-23,-0.0206076489879594
2024-07-24,-0.131642943603389
2024-07-25,0.0195311290676354
2024-07-26,-0.00204520896251914
2024-07-29,0.0544502837235452
2024-07-30,-0.0417020794456286
2024-07-31,0.0415728217233671
2024-08-01,-0.06778709499652
2024-08-02,-0.0433017143207834
2024-08-05,-0.0432486202238005
2024-08-06,0.0088106020885812
2024-08-07,-0.0452676929224394
2024-08-08,0.0362559013290147
2024-08-09,0.00581690373893018
2024-08-12,-0.0126293885852444
2024-08-13,0.0510324686785397
2024-08-14,-0.0315267519071059
2024-08-15,0.0614363091456509
2024-08-16,0.00920378250292853
2024-08-19,0.0300815962441359
2024-08-20,-0.00730026715831222
2024-08-21,0.00976670507756516
2024-08-22,-0.0581363437538194
2024-08-23,0.0448355914315197
2024-08-26,-0.0328034412275251
2024-08-27,-0.0189390627092925
2024-08-28,-0.0166767247298978
2024-08-29,0.00257262370787981
2024-08-30,0.0372554412366739
2024-09-03,-0.0165292758203002
2024-09-04,0.0409815136631373
2024-09-05,0.0478760160358043
2024-09-06,-0.0882404854458265
2024-09-09,0.0259499739052673
2024-09-10,0.0447592739559814
2024-09-11,0.00862874251262546
2024-09-12,0.00733720663680781
2024-09-13,0.00208648516072785
2024-09-16,-0.015358975945027
2024-09-17,0.00479489031502389
2024-09-18,-0.00294459606099196
2024-09-19,0.0710096217582521
2024-09-20,-0.0235197526389026
2024-09-23,0.0481403753279341
2024-09-24,0.0169357935090542
2024-09-25,0.0107571487626625
2024-09-26,-0.0109538214656819
2024-09-27,0.0242492270642343
2024-09-30,0.00448204483753223
2024-10-01,-0.0138942518524239
2024-10-02,-0.0355038270362575
2024-10-03,-0.0341480674544083
2024-10-04,0.0383957097680856
2024-10-07,-0.0376895759996989
2024-10-08,0.0151240109195827
2024-10-09,-0.0142109154030257
2024-10-10,-0.00950363013240807
2024-10-11,-0.0919235388688886
2024-10-14,0.00622484886936103
2024-10-15,0.00186904825838141
2024-10-16,0.00798368708857033
2024-10-17,-0.00198997144133095
2024-10-18,-0.0008605378505262
2024-10-21,-0.00841770790911855
2024-10-22,-0.00402914728519477
2024-10-23,-0.0200183107185392
2024-10-24,0.198186991469209
2024-10-25,0.0328913340561128
2024-10-28,-0.0251282453023975
2024-10-29,-0.0114554851513455
2024-10-30,-0.00761989997893586
2024-10-31,-0.0303530663959153
2024-11-01,-0.00348820742515166
2024-11-04,-0.0249697796118866
2024-11-05,0.0348016270171119
2024-11-06,0.137594660247378
2024-11-07,0.0286300124643937
2024-11-08,0.0786971755241801
2024-11-11,0.085806904048499
2024-11-12,-0.0634267881512827
2024-11-13,0.0053132669496696
2024-11-14,-0.0594481339319506
2024-11-15,0.0301969727904892
2024-11-18,0.0546643504933257
2024-11-19,0.0212059524240145
2024-11-20,-0.0115403261129803
2024-11-21,-0.00701217268427534
2024-11-22,0.0373345373484666
2024-11-25,-0.0404308885344928
2024-11-26,-0.00106375515384727
2024-11-27,-0.0159140208377258
2024-11-29,0.0361959391671247
2024-12-02,0.0339797523424803
2024-12-03,-0.0160057130527989
2024-12-04,0.0183552885534288
2024-12-05,0.0317862338994548
2024-12-06,0.0520210895967397
2024-12-09,0.00146341489531565
2024-12-10,0.0283283105013581
2024-12-11,0.057611355114835
2024-12-12,-0.0158271671400678
2024-12-13,0.0424489994174779
2024-12-16,0.059600573591803
2024-12-17,0.0357241381957714
2024-12-18,-0.0864242152521078
2024-12-19,-0.00903804251669005
2024-12-20,-0.0352567708528229
2024-12-23,0.0224042635605359
2024-12-24,0.0709911663619192
2024-12-26,-0.0177872540494386
2024-12-27,-0.0507452616025832
2024-12-30,-0.0335692888508676
