"fecha","log_precio"
2013-01-02,0.857530871877909
2013-01-03,0.840704778654095
2013-01-04,0.830006241295538
2013-01-07,0.828260554667324
2013-01-08,0.808853820359531
2013-01-09,0.80766576469333
2013-01-10,0.804390194978731
2013-01-11,0.785726364461083
2013-01-14,0.796305157682589
2013-01-15,0.815364809064398
2013-01-16,0.821247068522599
2013-01-17,0.829424822985612
2013-01-18,0.833488498800159
2013-01-22,0.852711731531787
2013-01-23,0.875468777090328
2013-01-24,0.902597437227407
2013-01-25,0.90232688353347
2013-01-28,0.930324957085819
2013-01-29,0.928219291431038
2013-01-30,0.916823789084216
2013-01-31,0.91655753435294
2013-02-01,0.93739958178887
2013-02-04,0.922670351725686
2013-02-05,0.932951194526943
2013-02-06,0.959860778093864
2013-02-07,0.967744001868245
2013-02-08,0.961646409534363
2013-02-11,0.94052780308435
2013-02-12,0.926637032989337
2013-02-13,0.941308378275462
2013-02-14,0.936615948319205
2013-02-15,0.903948046726201
2013-02-19,0.962665366631759
2013-02-20,0.943646361913994
2013-02-21,0.851858914841677
2013-02-22,0.878519453012789
2013-02-25,0.829424822985612
2013-02-26,0.830877891219322
2013-02-27,0.850150892689827
2013-02-28,0.842428894775648
2013-03-01,0.83724749976294
2013-03-04,0.863733472290272
2013-03-05,0.893363054189939
2013-03-06,0.921344715233245
2013-03-07,0.935570459360694
2013-03-08,0.941828640356079
2013-03-11,0.958072409793918
2013-03-12,0.958583659422658
2013-03-13,0.954998585213018
2013-03-14,0.898805531404688
2013-03-15,0.855549617915491
2013-03-18,0.851574277426922
2013-03-19,0.849581072969704
2013-03-20,0.874079023662161
2013-03-21,0.875746595469916
2013-03-22,0.892544224338667
2013-03-25,0.917090449398867
2013-03-26,0.925844916718626
2013-03-27,0.933737610239907
2013-03-28,0.926637032989337
2013-04-01,1.07454739408606
2013-04-02,1.08383703341254
2013-04-03,1.00795792388054
2013-04-04,1.02985762005882
2013-04-05,1.01450574202636
2013-04-08,1.02556369082234
2013-04-09,0.99325179067092
2013-04-10,1.02628065580002
2013-04-11,1.06677753036162
2013-04-12,1.07044152069276
2013-04-15,1.06010255394145
2013-04-16,1.11163811802573
2013-04-17,1.10856261007896
2013-04-18,1.14145882848215
2013-04-19,1.15960297961258
2013-04-22,1.20776558945375
2013-04-23,1.2239715747769
2013-04-24,1.21253603158247
2013-04-25,1.24319359542375
2013-04-26,1.22768921545925
2013-04-29,1.29819158041762
2013-04-30,1.28074856381704
2013-05-01,1.26751083801742
2013-05-02,1.28296870286531
2013-05-03,1.29106760645688
2013-05-06,1.37792617956897
2013-05-07,1.3085130478539
2013-05-08,1.31354433323395
2013-05-09,1.53183674336409
2013-05-10,1.63263339226239
2013-05-13,1.76701124197082
2013-05-14,1.71367775757433
2013-05-15,1.73271695287452
2013-05-16,1.81645209732533
2013-05-17,1.80828875554526
2013-05-20,1.79109254906621
2013-05-21,1.76461658781914
2013-05-22,1.76061273760763
2013-05-23,1.82164186962666
2013-05-24,1.86748519861749
2013-05-28,1.99542560814973
2013-05-29,1.94238009915505
2013-05-30,1.9454338796948
2013-05-31,1.87446524788603
2013-06-03,1.82013100165558
2013-06-04,1.84414113209318
2013-06-05,1.84971383128945
2013-06-06,1.87026249544915
2013-06-07,1.91731476189318
2013-06-10,1.89761987136591
2013-06-11,1.84023210026794
2013-06-12,1.87415834904806
2013-06-13,1.87875226264132
2013-06-14,1.90011553855431
2013-06-17,1.91888143280957
2013-06-18,1.93045806626515
2013-06-19,1.94285789314062
2013-06-20,1.90359895666868
2013-06-21,1.89260984569375
2013-06-24,1.91191003991311
2013-06-25,1.92083653571758
2013-06-26,1.9527438686078
2013-06-27,1.98558856303921
2013-06-28,1.96813741118407
2013-07-01,2.05566098713387
2013-07-02,2.06110790120297
2013-07-03,2.03896672367908
2013-07-05,2.08019120625168
2013-07-08,2.09276898338341
2013-07-09,2.10778595906763
2013-07-10,2.09818145439984
2013-07-11,2.12513161930964
2013-07-12,2.1587147049545
2013-07-15,2.13818206098269
2013-07-16,1.98375628892184
2013-07-17,2.08152279512206
2013-07-18,2.07132529073178
2013-07-19,2.07677132762669
2013-07-22,2.09948920052853
2013-07-23,2.10201810953372
2013-07-24,2.09350872679757
2013-07-25,2.11279564971362
2013-07-26,2.15478094510229
2013-07-29,2.19440578554606
2013-07-30,2.17278013828547
2013-07-31,2.19187693351037
2013-08-01,2.20129039735635
2013-08-02,2.21920346332294
2013-08-05,2.26647420149939
2013-08-06,2.24883271481838
2013-08-07,2.19150453488226
2013-08-08,2.325520098576
2013-08-09,2.32238770159073
2013-08-12,2.28496401383376
2013-08-13,2.27164458693681
2013-08-14,2.22901030269517
2013-08-15,2.23123222848117
2013-08-16,2.24777691022718
2013-08-19,2.26799363242858
2013-08-20,2.29978117790262
2013-08-21,2.28821566380511
2013-08-22,2.34883234658756
2013-08-23,2.37855799270012
2013-08-26,2.39315678699718
2013-08-27,2.41000347400093
2013-08-28,2.40664481906787
2013-08-29,2.40429902194512
2013-08-30,2.42184857589433
2013-09-03,2.42149342435837
2013-09-04,2.43138870442331
2013-09-05,2.42733638823969
2013-09-06,2.40976395605792
2013-09-09,2.37148905265085
2013-09-10,2.40616402761382
2013-09-11,2.38888506205531
2013-09-12,2.39747088438521
2013-09-13,2.40116267916856
2013-09-16,2.40742547294699
2013-09-17,2.40532215048013
2013-09-18,2.40526199541688
2013-09-19,2.47328377286791
2013-09-20,2.50356481787787
2013-09-23,2.49105441007288
2013-09-24,2.49776796776464
2013-09-25,2.5136020380882
2013-09-26,2.53179025267341
2013-09-27,2.54369958757932
2013-09-30,2.55655519611798
2013-10-01,2.55463999768531
2013-10-02,2.49017048460896
2013-10-03,2.44703168877485
2013-10-04,2.49033632956091
2013-10-07,2.50181842705912
2013-10-08,2.45519178166678
2013-10-09,2.4205458777447
2013-10-10,2.44483675517795
2013-10-11,2.47765818797542
2013-10-14,2.48334983682755
2013-10-15,2.50655941927577
2013-10-16,2.50449138551498
2013-10-17,2.50034252156569
2013-10-18,2.50361941903979
2013-10-21,2.44292661843466
2013-10-22,2.43676626311871
2013-10-23,2.39486041548252
2013-10-24,2.44610804551194
2013-10-25,2.42574626610455
2013-10-28,2.38484072111711
2013-10-29,2.39467804125924
2013-10-30,2.36223671819398
2013-10-31,2.36674860080495
2013-11-01,2.38059490829245
2013-11-04,2.45787800352815
2013-11-05,2.4670254408419
2013-11-06,2.31028868898771
2013-11-07,2.23194799620022
2013-11-08,2.21884110509164
2013-11-11,2.26661241803569
2013-11-12,2.21775324191005
2013-11-13,2.22426315234664
2013-11-14,2.21630070637702
2013-11-15,2.2005523378576
2013-11-18,2.09252228059085
2013-11-19,2.12894575291996
2013-11-20,2.08864906684263
2013-11-21,2.09679022219169
2013-11-22,2.09087592024833
2013-11-25,2.08641712511082
2013-11-26,2.08359948851402
2013-11-27,2.13566442713683
2013-11-29,2.13833919581481
2013-12-02,2.11360137858019
2013-12-03,2.26661241803569
2013-12-04,2.22606395371362
2013-12-05,2.2370148508505
2013-12-06,2.21455501993045
2013-12-09,2.24495593570649
2013-12-10,2.24911394711272
2013-12-11,2.23108913636059
2013-12-12,2.28557454657066
2013-12-13,2.28679439804509
2013-12-16,2.28875662734562
2013-12-17,2.31885202192143
2013-12-18,2.289026854411
2013-12-19,2.23872190122468
2013-12-20,2.25647126919348
2013-12-23,2.25863317357607
2013-12-24,2.31194117431305
2013-12-26,2.33859554278298
2013-12-27,2.3100240528873
2013-12-30,2.31872093471141
2013-12-31,2.30544773671207
2014-01-02,2.30325158455379
2014-01-03,2.29964747094198
2014-01-06,2.28238240513927
2014-01-07,2.29830922559684
2014-01-08,2.31108217735462
2014-01-09,2.28598129676735
2014-01-10,2.2736368383163
2014-01-13,2.22886678959484
2014-01-14,2.37502976890165
2014-01-15,2.39260863120178
2014-01-16,2.43343788066257
2014-01-17,2.4278070254366
2014-01-21,2.46629005212639
2014-01-22,2.47687450180441
2014-01-23,2.49320548412912
2014-01-24,2.45444747179838
2014-01-27,2.42551040542216
2014-01-28,2.47586592181633
2014-01-29,2.458049209333
2014-01-30,2.5005612219005
2014-01-31,2.49270945049588
2014-02-03,2.46872077850464
2014-02-04,2.47782604085217
2014-02-05,2.4534160050048
2014-02-06,2.47586592181633
2014-02-07,2.52054187640999
2014-02-10,2.57291753409734
2014-02-11,2.5732227157035
2014-02-12,2.56658899258518
2014-02-13,2.58841549087329
2014-02-14,2.58137774523591
2014-02-18,2.60859811651244
2014-02-19,2.5579505558923
2014-02-20,2.63891447262301
2014-02-21,2.63715075316466
2014-02-24,2.67483808267017
2014-02-25,2.80537851429908
2014-02-26,2.82533929516423
2014-02-27,2.82351947719158
2014-02-28,2.79243223514901
2014-03-03,2.81564824001815
2014-03-04,2.83258562938438
2014-03-05,2.82399450214668
2014-03-06,2.82510213008317
2014-03-07,2.79813460224853
2014-03-10,2.76774366322957
2014-03-11,2.74902147647171
2014-03-12,2.7787778307248
2014-03-13,2.76333774199689
2014-03-14,2.73423761549599
2014-03-17,2.74718547116786
2014-03-18,2.77275536294124
2014-03-19,2.75510341258949
2014-03-20,2.75115230903082
2014-03-21,2.7251912933706
2014-03-24,2.68634980479015
2014-03-25,2.68757535466174
2014-03-26,2.65305415372372
2014-03-27,2.62621326314723
2014-03-28,2.65027983481312
2014-03-31,2.63164899315943
2014-04-01,2.67170893921799
2014-04-02,2.73128919541563
2014-04-03,2.70982639881106
2014-04-04,2.64962043841789
2014-04-07,2.62717755843642
2014-04-08,2.66472509867201
2014-04-09,2.67152451236709
2014-04-10,2.61100076247137
2014-04-11,2.6089907453741
2014-04-14,2.58067129661442
2014-04-15,2.55934389757852
2014-04-16,2.5858072473685
2014-04-17,2.58082272048105
2014-04-21,2.61193076831233
2014-04-22,2.67937635517341
2014-04-23,2.62943981317543
2014-04-24,2.62881456423024
2014-04-25,2.58951684301635
2014-04-28,2.58278929115536
2014-04-29,2.62428208588195
2014-04-30,2.62895887127128
2014-05-01,2.62818899296819
2014-05-02,2.64338132750211
2014-05-05,2.6700483340875
2014-05-06,2.62602038907418
2014-05-07,2.59699447388061
2014-05-08,2.47704248626564
2014-05-09,2.49738408108152
2014-05-12,2.51052019612662
2014-05-13,2.5398155860415
2014-05-14,2.54223173081595
2014-05-15,2.53152518162922
2014-05-16,2.54715090643349
2014-05-19,2.57052357123153
2014-05-20,2.56648667193892
2014-05-21,2.58751340976354
2014-05-22,2.61437423669284
2014-05-23,2.62611679625734
2014-05-27,2.64645845158683
2014-05-28,2.640199519497
2014-05-29,2.640199519497
2014-05-30,2.62838144926717
2014-06-02,2.61349528131548
2014-06-03,2.61466709675617
2014-06-04,2.61002073340981
2014-06-05,2.62418536336815
2014-06-06,2.63030487116877
2014-06-09,2.6164708144061
2014-06-10,2.60170154401432
2014-06-11,2.61237106565871
2014-06-12,2.60771406724108
2014-06-13,2.62186273664532
2014-06-16,2.70631536227996
2014-06-17,2.73726375685905
2014-06-18,2.71742826436975
2014-06-19,2.7203739422503
2014-06-20,2.72824489243708
2014-06-23,2.76093778464479
2014-06-24,2.7408400239252
2014-06-25,2.75954574300103
2014-06-26,2.75408526848578
2014-06-27,2.76866435114583
2014-06-30,2.7728386728797
2014-07-01,2.77142133979714
2014-07-02,2.72754774321303
2014-07-03,2.72676287675456
2014-07-07,2.69759573394686
2014-07-08,2.68134111530543
2014-07-09,2.69939064565036
2014-07-10,2.68311978697982
2014-07-11,2.67704100163637
2014-07-14,2.71557731770901
2014-07-15,2.68366645975914
2014-07-16,2.67258418966609
2014-07-17,2.6644465397118
2014-07-18,2.6856682652931
2014-07-21,2.68802892197377
2014-07-22,2.68366645975914
2014-07-23,2.69683200179519
2014-07-24,2.70154019328202
2014-07-25,2.7016743787176
2014-07-28,2.70724987533207
2014-07-29,2.70809464133787
2014-07-30,2.72532240510392
2014-07-31,2.70046599703545
2014-08-01,2.74414638590892
2014-08-04,2.76640293308548
2014-08-05,2.76627715867225
2014-08-06,2.80912151724318
2014-08-07,2.82292532182463
2014-08-08,2.80590259020059
2014-08-11,2.85001262538295
2014-08-12,2.85247761976173
2014-08-13,2.85382303264689
2014-08-14,2.85792506826145
2014-08-15,2.86033244162429
2014-08-18,2.85240057740458
2014-08-19,2.8400915442331
2014-08-20,2.83599375534384
2014-08-21,2.83062171659428
2014-08-22,2.84016954073043
2014-08-25,2.86239127069342
2014-08-26,2.85930143536348
2014-08-27,2.86505390643954
2014-08-28,2.86736851849569
2014-08-29,2.88926000358387
2014-09-02,2.94134650612074
2014-09-03,2.93098041178983
2014-09-04,2.94808139659749
2014-09-05,2.91737423427356
2014-09-08,2.9342468465805
2014-09-09,2.92129599281319
2014-09-10,2.93066026459673
2014-09-11,2.92784586934844
2014-09-12,2.92387813836121
2014-09-15,2.82873272023533
2014-09-16,2.85547359146056
2014-09-17,2.85792506826145
2014-09-18,2.86721681401313
2014-09-19,2.85001262538295
2014-09-22,2.81353071993534
2014-09-23,2.815049388053
2014-09-24,2.82193431553879
2014-09-25,2.80113567352663
2014-09-26,2.79971742211329
2014-09-29,2.79426874993332
2014-09-30,2.78369352680797
2014-10-01,2.77358826925622
2014-10-02,2.81907465427423
2014-10-03,2.83403653096634
2014-10-06,2.85501318056068
2014-10-07,2.85097620612237
2014-10-08,2.84985837509202
2014-10-09,2.84106483896021
2014-10-10,2.75963010030396
2014-10-13,2.70622632153912
2014-10-14,2.71716407108153
2014-10-15,2.72872385794057
2014-10-16,2.71403228289161
2014-10-17,2.71901208578532
2014-10-20,2.73207051873063
2014-10-21,2.75298105226799
2014-10-22,2.73480032195547
2014-10-23,2.75276858652197
2014-10-24,2.75255607562467
2014-10-27,2.69313958010618
2014-10-28,2.78406434884664
2014-10-29,2.76464052996063
2014-10-30,2.76698979115139
2014-10-31,2.77964705030684
2014-11-03,2.78332256720931
2014-11-04,2.76812044612611
2014-11-05,2.73423761549599
2014-11-06,2.77765916829924
2014-11-07,2.77342164819459
2014-11-10,2.78059829922988
2014-11-11,2.81772140444668
2014-11-12,2.80980421504036
2014-11-13,2.82018774195953
2014-11-14,2.84754153978897
2014-11-17,2.82920527579729
2014-11-18,2.84374593431954
2014-11-19,2.80432965329393
2014-11-20,2.8082374079877
2014-11-21,2.78410547733942
2014-11-24,2.80020388648966
2014-11-25,2.80574138307018
2014-11-26,2.80715123783424
2014-11-28,2.79124685132775
2014-12-01,2.73713426332279
2014-12-02,2.73622727693275
2014-12-03,2.72698100207067
2014-12-04,2.72252276846247
2014-12-05,2.70230033945117
2014-12-08,2.65960663747388
2014-12-09,2.67134011745228
2014-12-10,2.63829512154926
2014-12-11,2.63370970100826
2014-12-12,2.62466860598453
2014-12-15,2.61026586578743
2014-12-16,2.57925675576243
2014-12-17,2.61895174222057
2014-12-18,2.67763682137028
2014-12-19,2.68234484912386
2014-12-22,2.69732624802144
2014-12-23,2.68997670696056
2014-12-24,2.69579765910347
2014-12-26,2.72050562428566
2014-12-29,2.71120075048349
2014-12-30,2.69566268272268
2014-12-31,2.6964723321819
2015-01-02,2.68243610701282
2015-01-05,2.6394857781841
2015-01-06,2.64513403402625
2015-01-07,2.64357088231371
2015-01-08,2.64200535125102
2015-01-09,2.62302472433094
2015-01-12,2.60125659344788
2015-01-13,2.6112945419762
2015-01-14,2.55303245686085
2015-01-15,2.54876784773051
2015-01-16,2.55500259994629
2015-01-20,2.54908048792356
2015-01-21,2.57296840416657
2015-01-22,2.59833449811551
2015-01-23,2.59669646249684
2015-01-26,2.62249234598411
2015-01-27,2.61972890115269
2015-01-28,2.58711218361164
2015-01-29,2.61593493450258
2015-01-30,2.60810704329126
2015-02-02,2.64352354784127
2015-02-03,2.67809485240186
2015-02-04,2.67896459926162
2015-02-05,2.69006727106461
2015-02-06,2.67350481069924
2015-02-09,2.67405669784088
2015-02-10,2.66856990734511
2015-02-11,2.65230261104022
2015-02-12,2.60456447541141
2015-02-13,2.60894174539831
2015-02-17,2.61178398277362
2015-02-18,2.61232216107759
2015-02-19,2.64716723528195
2015-02-20,2.6723539348626
2015-02-23,2.62630978972566
2015-02-24,2.61060885207699
2015-02-25,2.60889260261
2015-02-26,2.6255860619565
2015-02-27,2.60682923573502
2015-03-02,2.5768271946978
2015-03-03,2.58806473443557
2015-03-04,2.60239336672537
2015-03-05,2.59341217713312
2015-03-06,2.55918918587078
2015-03-09,2.54359474785455
2015-03-10,2.54065664324541
2015-03-11,2.5584668812493
2015-03-12,2.54458964536075
2015-03-13,2.53200225893127
2015-03-16,2.5685327064372
2015-03-17,2.56356380964502
2015-03-18,2.59381088401076
2015-03-19,2.5682771261069
2015-03-20,2.58062074467753
2015-03-23,2.58841549087329
2015-03-24,2.59883039270236
2015-03-25,2.56135312190504
2015-03-26,2.54112946011703
2015-03-27,2.51230559820113
2015-03-30,2.54196941346697
2015-03-31,2.53247918451976
2015-04-01,2.52620849437176
2015-04-02,2.54422317202077
2015-04-06,2.60564826466677
2015-04-07,2.60638656140209
2015-04-08,2.62790013572716
2015-04-09,2.6394857781841
2015-04-10,2.64333391622723
2015-04-13,2.63800916925049
2015-04-14,2.62688833989153
2015-04-15,2.62867023636168
2015-04-16,2.62321824620752
2015-04-17,2.62365360272619
2015-04-20,2.61627598221099
2015-04-21,2.63624385095719
2015-04-22,2.68302859146357
2015-04-23,2.67919333712148
2015-04-24,2.67841541483382
2015-04-27,2.73674568207213
2015-04-28,2.73211384217241
2015-04-29,2.74062496262467
2015-04-30,2.71270599238785
2015-05-01,2.71261758217275
2015-05-04,2.73224404947155
2015-05-05,2.74277361996621
2015-05-06,2.73189695787157
2015-05-07,2.75916571479513
2015-05-08,2.75836302561652
2015-05-11,2.77046143637527
2015-05-12,2.79214622052011
2015-05-13,2.78575170217764
2015-05-14,2.78952773097666
2015-05-15,2.80875987316804
2015-05-18,2.80839809825916
2015-05-19,2.80190476638649
2015-05-20,2.79055147881575
2015-05-21,2.79573539743505
2015-05-22,2.80428923276334
2015-05-26,2.80319876339933
2015-05-27,2.80307747531043
2015-05-28,2.81919390386673
2015-05-29,2.81660556658924
2015-06-01,2.81120824273981
2015-06-02,2.80678888038758
2015-06-03,2.80936250235285
2015-06-04,2.79695607899831
2015-06-05,2.80996476859444
2015-06-08,2.83825944062811
2015-06-09,2.83712729553142
2015-06-10,2.81620679188909
2015-06-11,2.81903493918278
2015-06-12,2.81616696273448
2015-06-15,2.8149295289062
2015-06-16,2.82581345665122
2015-06-17,2.85420708839343
2015-06-18,2.85987437212253
2015-06-19,2.86223902717455
2015-06-22,2.85182334135169
2015-06-23,2.88170472043854
2015-06-24,2.87232090015476
2015-06-25,2.88588015820753
2015-06-26,2.87953546544034
2015-06-29,2.86037065920857
2015-06-30,2.88390650188539
2015-07-01,2.88721860705462
2015-07-02,2.92681078885348
2015-07-06,2.92573894019137
2015-07-07,2.88248895752773
2015-07-08,2.83305648037795
2015-07-09,2.84459932506791
2015-07-10,2.8493568420615
2015-07-13,2.86090478815528
2015-07-14,2.87412940009924
2015-07-15,2.86463605000649
2015-07-16,2.8779992807052
2015-07-17,2.90748378827757
2015-07-20,2.93477842493712
2015-07-21,2.87833662880589
2015-07-22,2.88245157598716
2015-07-23,2.87994725055387
2015-07-24,2.87322561285913
2015-07-27,2.82537876067012
2015-07-28,2.87100016206188
2015-07-29,2.86721681401313
2015-07-30,2.87841159151358
2015-07-31,2.87600988574904
2015-08-03,2.85259295208236
2015-08-04,2.87649823118661
2015-08-05,2.89085314157842
2015-08-06,2.79780964712167
2015-08-07,2.78299276221237
2015-08-10,2.77732748987527
2015-08-11,2.76156992369688
2015-08-12,2.76493451963995
2015-08-13,2.78299276221237
2015-08-14,2.78562827926842
2015-08-17,2.83317407434273
2015-08-18,2.85539677958356
2015-08-19,2.83419324099762
2015-08-20,2.78163098847815
2015-08-21,2.73337138985624
2015-08-24,2.68042774898817
2015-08-25,2.68571371137911
2015-08-26,2.70733882498561
2015-08-27,2.78497008033675
2015-08-28,2.80731210272345
2015-08-31,2.80964363570469
2015-09-01,2.76686403058604
2015-09-02,2.80412776531727
2015-09-03,2.79553176672678
2015-09-04,2.78059829922988
2015-09-08,2.80606377134745
2015-09-09,2.80904117596626
2015-09-10,2.80731210272345
2015-09-11,2.81437026296217
2015-09-14,2.8260900035597
2015-09-15,2.82758973177375
2015-09-16,2.86124806072023
2015-09-17,2.86056139771381
2015-09-18,2.85501318056068
2015-09-21,2.86865615777707
2015-09-22,2.85624028947253
2015-09-23,2.85670002628186
2015-09-24,2.86455993872742
2015-09-25,2.84067559019316
2015-09-28,2.80711093119515
2015-09-29,2.79992008636585
2015-09-30,2.80699011670726
2015-10-01,2.77208857382139
2015-10-02,2.8036432064897
2015-10-05,2.79789089580353
2015-10-06,2.77865366250656
2015-10-07,2.73851472562499
2015-10-08,2.71566559284354
2015-10-09,2.68870885503376
2015-10-12,2.66528185120233
2015-10-13,2.6821624388495
2015-10-14,2.67129401341036
2015-10-15,2.69151421281205
2015-10-16,2.7169438566775
2015-10-19,2.7217339465843
2015-10-20,2.65338277612285
2015-10-21,2.6394857781841
2015-10-22,2.64721446516646
2015-10-23,2.63471455354446
2015-10-26,2.66379642194891
2015-10-27,2.64072255634282
2015-10-28,2.65305415372372
2015-10-29,2.64678931588052
2015-10-30,2.62433033993554
2015-11-02,2.65694407706127
2015-11-03,2.63116918148352
2015-11-04,2.73709109508408
2015-11-05,2.73769528091362
2015-11-06,2.74023773569183
2015-11-09,2.70951581408696
2015-11-10,2.6695403507453
2015-11-11,2.68138675846507
2015-11-12,2.65296024177087
2015-11-13,2.6255860619565
2015-11-16,2.65937330795267
2015-11-17,2.65792586294028
2015-11-18,2.69042918665046
2015-11-19,2.69372588757311
2015-11-20,2.68562275212136
2015-11-23,2.67529746280683
2015-11-24,2.67759100672643
2015-11-25,2.72846263246899
2015-11-27,2.73700475301578
2015-11-30,2.73115892584596
2015-12-01,2.76081132093041
2015-12-02,2.73864404053519
2015-12-03,2.74174283813448
2015-12-04,2.73167996442817
2015-12-07,2.73493011805539
2015-12-08,2.71566559284354
2015-12-09,2.70591461649633
2015-12-10,2.71720810814361
2015-12-11,2.67193934256561
2015-12-14,2.67910184825596
2015-12-15,2.69051964508454
2015-12-16,2.74944801857413
2015-12-17,2.74466064171248
2015-12-18,2.73202713133985
2015-12-21,2.74109803644891
2015-12-22,2.72981168790695
2015-12-23,2.72872385794057
2015-12-24,2.73250428913426
2015-12-28,2.72545343716781
2015-12-29,2.76081132093041
2015-12-30,2.76459859304469
2015-12-31,2.77263044462073
2016-01-04,2.70095845087418
2016-01-05,2.70104796188672
2016-01-06,2.68120417332542
2016-01-07,2.66560654675666
2016-01-08,2.64380792785407
2016-01-11,2.62876645725519
2016-01-12,2.63891447262301
2016-01-13,2.5918159722915
2016-01-14,2.62069932779172
2016-01-15,2.61491102315581
2016-01-19,2.61359297341996
2016-01-20,2.58374596669393
2016-01-21,2.59011714122279
2016-01-22,2.60293655065479
2016-01-25,2.57200135722169
2016-01-26,2.55753736269888
2016-01-27,2.5287640413708
2016-01-28,2.53739366477875
2016-01-29,2.54526981846887
2016-02-01,2.57484885247722
2016-02-02,2.50023303606331
2016-02-03,2.44801212072356
2016-02-04,2.45861976533779
2016-02-05,2.38324301008787
2016-02-08,2.28909452059749
2016-02-09,2.29084982390987
2016-02-10,2.2594688090894
2016-02-11,2.30571349141539
2016-02-12,2.30949447578622
2016-02-16,2.33647116323682
2016-02-17,2.41995317304786
2016-02-18,2.40856541927616
2016-02-19,2.40742547294699
2016-02-22,2.47227156299591
2016-02-23,2.46928527986352
2016-02-24,2.47933561006633
2016-02-25,2.52535519201527
2016-02-26,2.54076171628141
2016-02-29,2.54908048792356
2016-03-01,2.51957641151717
2016-03-02,2.53019861953557
2016-03-03,2.56873699213252
2016-03-04,2.59545372040561
2016-03-07,2.61637340305349
2016-03-08,2.60318342554549
2016-03-09,2.63294347298972
2016-03-10,2.61583747093264
2016-03-11,2.62708111558844
2016-03-14,2.66328525197675
2016-03-15,2.67800326297741
2016-03-16,2.69431178702723
2016-03-17,2.71416480260759
2016-03-18,2.74187173630151
2016-03-21,2.7655640780107
2016-03-22,2.74829604090768
2016-03-23,2.69723640323885
2016-03-24,2.72019833922523
2016-03-28,2.73115892584596
2016-03-29,2.73059416603439
2016-03-30,2.71641514416648
2016-03-31,2.72902859702799
2016-04-01,2.76249625043332
2016-04-04,2.80129762478243
2016-04-05,2.83505481946032
2016-04-06,2.87326334086971
2016-04-07,2.8418038387225
2016-04-08,2.81369067634699
2016-04-11,2.81309065059071
2016-04-12,2.80465249694422
2016-04-13,2.83136847136346
2016-04-14,2.82082317132582
2016-04-15,2.83128989776978
2016-04-18,2.82881149500484
2016-04-19,2.80283497064895
2016-04-20,2.81329073733379
2016-04-21,2.80654727419954
2016-04-22,2.82829940442023
2016-04-25,2.82066435183372
2016-04-26,2.82825994125903
2016-04-27,2.81927354739145
2016-04-28,2.80420850229927
2016-04-29,2.77575039445022
2016-05-02,2.78006078914011
2016-05-03,2.74006552511562
2016-05-04,2.69714648610812
2016-05-05,2.64631664806831
2016-05-06,2.66226219403686
2016-05-09,2.63390123478455
2016-05-10,2.63279973985194
2016-05-11,2.63409266342404
2016-05-12,2.62602038907418
2016-05-13,2.62761112611973
2016-05-16,2.63088111525499
2016-05-17,2.61329986847063
2016-05-18,2.64461330006338
2016-05-19,2.66356406809634
2016-05-20,2.68684925775047
2016-05-23,2.66824623887207
2016-05-24,2.67603192732993
2016-05-25,2.68366645975914
2016-05-26,2.70858341717327
2016-05-27,2.69930092202312
2016-05-31,2.70015242692443
2016-06-01,2.68357531408566
2016-06-02,2.68083883767159
2016-06-03,2.68097582968711
2016-06-06,2.68866348004186
2016-06-07,2.74015160332591
2016-06-08,2.75374561613579
2016-06-09,2.72724261481805
2016-06-10,2.68006219489969
2016-06-13,2.67584836176528
2016-06-14,2.66240175450945
2016-06-15,2.67506776626216
2016-06-16,2.67612376311854
2016-06-17,2.66477150655729
2016-06-20,2.68421276873859
2016-06-21,2.68380306498657
2016-06-22,2.5734261911181
2016-06-23,2.57210318802007
2016-06-24,2.55541691565997
2016-06-27,2.58299075743569
2016-06-28,2.5991773939212
2016-06-29,2.63996168501051
2016-06-30,2.64985598704729
2016-07-01,2.6695403507453
2016-07-05,2.65783234055529
2016-07-06,2.65997974476937
2016-07-07,2.66695038385719
2016-07-08,2.67083279005723
2016-07-11,2.70707195228536
2016-07-12,2.70649348365777
2016-07-13,2.69701169167665
2016-07-14,2.69250785693149
2016-07-15,2.68739383117558
2016-07-18,2.71359036040215
2016-07-19,2.70920506936512
2016-07-20,2.72287312849042
2016-07-21,2.68784748080953
2016-07-22,2.69584264718212
2016-07-25,2.73007256125442
2016-07-26,2.72789640974165
2016-07-27,2.72344226446559
2016-07-28,2.73267774462553
2016-07-29,2.7506413207154
2016-08-01,2.73007256125442
2016-08-02,2.71778047651026
2016-08-03,2.71155516248408
2016-08-04,2.73267774462553
2016-08-05,2.73015950391579
2016-08-08,2.71319252004206
2016-08-09,2.72602110690571
2016-08-10,2.71093490657489
2016-08-11,2.70765015008417
2016-08-12,2.7107576380316
2016-08-15,2.71066899197452
2016-08-16,2.70185326462738
2016-08-17,2.70019721952078
2016-08-18,2.7014059898383
2016-08-19,2.70805020110221
2016-08-22,2.69880765104958
2016-08-23,2.70733882498561
2016-08-24,2.69741608473267
2016-08-25,2.68993151894376
2016-08-26,2.68553191464167
2016-08-29,2.66351767061483
2016-08-30,2.64541795648253
2016-08-31,2.64858322985349
2016-09-01,2.59410982769424
2016-09-02,2.57910509456761
2016-09-06,2.60431801180154
2016-09-07,2.59878082140015
2016-09-08,2.57697927421147
2016-09-09,2.56222775882736
2016-09-12,2.58173085462239
2016-09-13,2.5703195042868
2016-09-14,2.57215409953096
2016-09-15,2.59236493059999
2016-09-16,2.61690904810494
2016-09-19,2.6214750609565
2016-09-20,2.61320214772652
2016-09-21,2.61603231886804
2016-09-22,2.62191117687848
2016-09-23,2.62684014016012
2016-09-26,2.63423621085928
2016-09-27,2.6189032279223
2016-09-28,2.62113578208068
2016-09-29,2.59376106325321
2016-09-30,2.61021685814142
2016-10-03,2.65652297818107
2016-10-04,2.64574916516103
2016-10-05,2.63169696166739
2016-10-06,2.59525467848898
2016-10-07,2.5731718585698
2016-10-10,2.59500590935217
2016-10-11,2.59076705192585
2016-10-12,2.59778880798051
2016-10-13,2.59146640677702
2016-10-14,2.57266314492749
2016-10-17,2.55960177099906
2016-10-18,2.58575695440479
2016-10-19,2.60791064484462
2016-10-20,2.58575695440479
2016-10-21,2.59071700779406
2016-10-24,2.60397279011345
2016-10-25,2.60189923628997
2016-10-26,2.60140493230233
2016-10-27,2.61011883564357
2016-10-28,2.59011714122279
2016-10-31,2.57885227478478
2016-11-01,2.54312309545151
2016-11-02,2.52849816684383
2016-11-03,2.52530191753115
2016-11-04,2.54191694173892
2016-11-07,2.55572748430447
2016-11-08,2.56464164011503
2016-11-09,2.53928961288877
2016-11-10,2.51419572026211
2016-11-11,2.53136610527007
2016-11-14,2.49292998406422
2016-11-15,2.50563476671708
2016-11-16,2.50650505618467
2016-11-17,2.53189626142068
2016-11-18,2.5124137699506
2016-11-21,2.50970766523665
2016-11-22,2.54511291376952
2016-11-23,2.55536514484056
2016-11-25,2.57337527158775
2016-11-28,2.57067653941084
2016-11-29,2.53670811152636
2016-11-30,2.53581100784711
2016-12-01,2.4952968865364
2016-12-02,2.49304011436929
2016-12-05,2.52198828997634
2016-12-06,2.51688972335072
2016-12-07,2.55541691565997
2016-12-08,2.55095442802366
2016-12-09,2.55038225318449
2016-12-12,2.55168225171616
2016-12-13,2.58097412142197
2016-12-14,2.58369564194992
2016-12-15,2.5780933593012
2016-12-16,2.60264030508836
2016-12-19,2.60382483171158
2016-12-20,2.63327876999162
2016-12-21,2.62804457477749
2016-12-22,2.63164899315943
2016-12-23,2.65483694128057
2016-12-27,2.6834386777406
2016-12-28,2.68439480542886
2016-12-29,2.66109836539718
2016-12-30,2.65647618590693
2017-01-03,2.6718010410022
2017-01-04,2.71685575733567
2017-01-05,2.71579789630471
2017-01-06,2.72571544979864
2017-01-09,2.7355789078217
2017-01-10,2.72946375088004
2017-01-11,2.72885450736053
2017-01-12,2.72824489243708
2017-01-13,2.76316952439078
2017-01-17,2.7540003206708
2017-01-18,2.76573195334113
2017-01-19,2.7881339892871
2017-01-20,2.79210530450641
2017-01-23,2.80908140488029
2017-01-24,2.83168281638347
2017-01-25,2.83113273205856
2017-01-26,2.82340062903514
2017-01-27,2.82514160494981
2017-01-30,2.81592761202777
2017-01-31,2.82110110153918
2017-02-01,2.81036603973954
2017-02-02,2.8195916031317
2017-02-03,2.81871659247959
2017-02-06,2.84401756692474
2017-02-07,2.84289181467333
2017-02-08,2.86059960654912
2017-02-09,2.88740439950246
2017-02-10,2.88751587965775
2017-02-13,2.92887998152041
2017-02-14,2.93023331005673
2017-02-15,2.92588191974226
2017-02-16,2.88647530463744
2017-02-17,2.89859708042645
2017-02-21,2.91737423427356
2017-02-22,2.90328794215796
2017-02-23,2.83708817922029
2017-02-24,2.84102587637142
2017-02-27,2.79821582453358
2017-02-28,2.81337073793355
2017-03-01,2.81349066961841
2017-03-02,2.81532892739181
2017-03-03,2.81967110126311
2017-03-06,2.8182390531575
2017-03-07,2.80775472182702
2017-03-08,2.80081169230914
2017-03-09,2.79279983139273
2017-03-10,2.7878467424742
2017-03-13,2.79797213788457
2017-03-14,2.84490942817635
2017-03-15,2.83607207209755
2017-03-16,2.8604850848417
2017-03-17,2.85838403134563
2017-03-20,2.85998885455446
2017-03-21,2.81612701786296
2017-03-22,2.83325261222765
2017-03-23,2.83235017687068
2017-03-24,2.86471204677509
2017-03-27,2.89118628779806
2017-03-28,2.91759060029063
2017-03-29,2.91733823748192
2017-03-30,2.91928309480216
2017-03-31,2.92064946468821
2017-04-03,2.99078670713702
2017-04-04,3.00799022998498
2017-04-05,2.97892521989349
2017-04-06,2.99138955221605
2017-04-07,3.00416325792682
2017-04-10,3.03620221636522
2017-04-11,3.02435216407465
2017-04-12,2.98514307251377
2017-04-13,3.00897748775566
2017-04-17,3.00052082369476
2017-04-18,2.99656524715281
2017-04-19,3.01396504331336
2017-04-20,3.00406414704029
2017-04-21,3.01422683871445
2017-04-24,3.02214699433877
2017-04-25,3.04067373162614
2017-04-26,3.02907030881302
2017-04-27,3.02409291370348
2017-04-28,3.04156567677947
2017-05-01,3.0690756380008
2017-05-02,3.05679598280968
2017-05-03,3.03180702529535
2017-05-04,2.98048321450394
2017-05-05,3.02318533250073
2017-05-08,3.01941627413275
2017-05-09,3.06420057561404
2017-05-10,3.07645168491363
2017-05-11,3.06991171423183
2017-05-12,3.0751901638835
2017-05-15,3.04731217275574
2017-05-16,3.05088315484094
2017-05-17,3.01589431537183
2017-05-18,3.03834465655934
2017-05-19,3.03119594372042
2017-05-22,3.0296505175698
2017-05-23,3.00851688875326
2017-05-24,3.02923153217773
2017-05-25,3.05031513904328
2017-05-26,3.07620568515786
2017-05-30,3.10637880047131
2017-05-31,3.1238615683763
2017-06-01,3.12198307938022
2017-06-02,3.1204541887115
2017-06-05,3.14219635419481
2017-06-06,3.15799280499243
2017-06-07,3.17708116597057
2017-06-08,3.20545285608602
2017-06-09,3.17058152086358
2017-06-12,3.17530004278886
2017-06-13,3.2214059618246
2017-06-14,3.2338563617034
2017-06-15,3.21978209133076
2017-06-16,3.20922945706041
2017-06-19,3.20491213126105
2017-06-20,3.21148860581931
2017-06-21,3.22260216505678
2017-06-22,3.23896600907057
2017-06-23,3.24115904007251
2017-06-26,3.22549389172159
2017-06-27,3.18461562734382
2017-06-28,3.208798516044
2017-06-29,3.18013496482871
2017-06-30,3.18251603611714
2017-07-03,3.15734076408501
2017-07-05,3.08218515008816
2017-07-06,3.02474077469375
2017-07-07,3.03885557311746
2017-07-10,3.0478502133322
2017-07-11,3.08258253018325
2017-07-12,3.08958686777959
2017-07-13,3.07087068424328
2017-07-14,3.08429241771436
2017-07-17,3.05892613412648
2017-07-18,3.08569488701027
2017-07-19,3.07657466210178
2017-07-20,3.09080001730137
2017-07-21,3.08618218112247
2017-07-24,3.12827987266654
2017-07-25,3.11971822637599
2017-07-26,3.13215526584971
2017-07-27,3.10446706430236
2017-07-28,3.10628923474591
2017-07-31,3.07105617660905
2017-08-01,3.05892613412648
2017-08-02,3.07850969228594
2017-08-03,3.14153392813473
2017-08-04,3.16943347434711
2017-08-07,3.16454632572329
2017-08-08,3.1924496930842
2017-08-09,3.1878115885766
2017-08-10,3.16519368671116
2017-08-11,3.17211958254538
2017-08-14,3.18855401569902
2017-08-15,3.18450516588127
2017-08-16,3.18610467862861
2017-08-17,3.15535363279636
2017-08-18,3.14259933026041
2017-08-21,3.11458141484428
2017-08-22,3.12485812152896
2017-08-23,3.15776607047852
2017-08-24,3.15821956917435
2017-08-25,3.14429592788013
2017-08-28,3.13740545901865
2017-08-29,3.14231150678489
2017-08-30,3.15892766334885
2017-08-31,3.16659962249745
2017-09-01,3.16519368671116
2017-09-05,3.14871082767563
2017-09-06,3.13413094260116
2017-09-07,3.15162431701214
2017-09-08,3.13084575180461
2017-09-11,3.1882516672817
2017-09-12,3.18566365385591
2017-09-13,3.19521132814731
2017-09-14,3.22589118339941
2017-09-15,3.23162095027967
2017-09-18,3.2451931827271
2017-09-19,3.21914243666299
2017-09-20,3.2159649456385
2017-09-21,3.19589371600014
2017-09-22,3.15299240561983
2017-09-25,3.13546519063742
2017-09-26,3.1362185801381
2017-09-27,3.1237442713822
2017-09-28,3.11971822637599
2017-09-29,3.12412547825723
2017-10-02,3.12538534613022
2017-10-03,3.14455450034786
2017-10-04,3.16409576838059
2017-10-05,3.16499676067283
2017-10-06,3.1693493820217
2017-10-09,3.12950532189105
2017-10-10,3.16572815426693
2017-10-11,3.1629401667193
2017-10-12,3.16598124460914
2017-10-13,3.16567191220914
2017-10-16,3.15159575615225
2017-10-17,3.1661780573137
2017-10-18,3.17708116597057
2017-10-19,3.15504107620697
2017-10-20,3.13578400799936
2017-10-23,3.11209209300681
2017-10-24,3.11304107229323
2017-10-25,3.07835630953532
2017-10-26,3.07936853451471
2017-10-27,3.06298582252546
2017-10-30,3.06052077512636
2017-10-31,3.09566806971871
2017-11-01,3.06364007628105
2017-11-02,2.99326254767079
2017-11-03,3.01582898198295
2017-11-06,3.00495626404987
2017-11-07,3.01569830239845
2017-11-08,3.01025960842617
2017-11-09,3.00564959351171
2017-11-10,3.00564959351171
2017-11-13,3.04579147221725
2017-11-14,3.02431972669872
2017-11-15,3.03270681875114
2017-11-16,3.03655420703909
2017-11-17,3.04468109837718
2017-11-20,3.02444928455445
2017-11-21,3.05340346314211
2017-11-22,3.03687422420704
2017-11-24,3.04626695659927
2017-11-27,3.05025201629022
2017-11-28,3.05258508875064
2017-11-29,3.02055494955837
2017-11-30,3.02480552845048
2017-12-01,3.01726542478408
2017-12-04,3.01291708205938
2017-12-05,3.00799022998498
2017-12-06,3.0389833528112
2017-12-07,3.03251407401356
2017-12-08,3.04493506649415
2017-12-11,3.0877339787409
2017-12-12,3.12392021171429
2017-12-13,3.11803836620789
2017-12-14,3.11467015630498
2017-12-15,3.13099137510006
2017-12-18,3.11756635438127
2017-12-19,3.09437026188505
2017-12-20,3.08794672136375
2017-12-21,3.09606012897092
2017-12-22,3.07639019064782
2017-12-26,3.05176595390336
2017-12-27,3.03379842955942
2017-12-28,3.04566465028578
2017-12-29,3.03286745693723
2018-01-02,3.06192571841859
2018-01-03,3.05163988745589
2018-01-04,3.04331535689721
2018-01-05,3.04952577291439
2018-01-08,3.11028047529609
2018-01-09,3.10216223020216
2018-01-10,3.10548312384036
2018-01-11,3.11484778492109
2018-01-12,3.10971552715213
2018-01-16,3.12107191482752
2018-01-17,3.14173552877526
2018-01-18,3.13424702764563
2018-01-19,3.14994011771065
2018-01-22,3.15433014224665
2018-01-23,3.15782275892673
2018-01-24,3.13807062462609
2018-01-25,3.11393000796031
2018-01-26,3.12924282817759
2018-01-29,3.14853919576223
2018-01-30,3.13786820097652
2018-01-31,3.16212202814867
2018-02-01,3.14773777518978
2018-02-02,3.13186450336507
2018-02-05,3.10048265209673
2018-02-06,3.10300100540307
2018-02-07,3.13549421592915
2018-02-08,3.04525232251457
2018-02-09,3.02987607366632
2018-02-12,3.04683727583215
2018-02-13,3.07164338640815
2018-02-14,3.06746361257437
2018-02-15,3.10330036696859
2018-02-16,3.10754191381219
2018-02-20,3.10539356331584
2018-02-21,3.10099275330935
2018-02-22,3.13887974442384
2018-02-23,3.15572298060663
2018-02-26,3.17086132262485
2018-02-27,3.15270747693525
2018-02-28,3.12985515076291
2018-03-01,3.09385668399657
2018-03-02,3.10643847804085
2018-03-05,3.10114278910621
2018-03-06,3.08557293919759
2018-03-07,3.09798798918192
2018-03-08,3.08831147918882
2018-03-09,3.0824296834653
2018-03-12,3.13697140247032
2018-03-13,3.12629259067993
2018-03-14,3.08077783396652
2018-03-15,3.07761944591366
2018-03-16,3.06448061848335
2018-03-19,3.03994049610069
2018-03-20,3.03029469702084
2018-03-21,3.04936778873435
2018-03-22,3.02561464309934
2018-03-23,3.00085248561009
2018-03-26,3.00956946896805
2018-03-27,2.92380650774765
2018-03-28,2.84405630213898
2018-03-29,2.87593474277983
2018-04-02,2.82328188006896
2018-04-03,2.88118148252698
2018-04-04,2.95122294207646
2018-04-05,3.01461940335436
2018-04-06,2.99339619208927
2018-04-09,2.96065763949807
2018-04-10,3.01127749365311
2018-04-11,2.99882749215176
2018-04-12,2.97580163780568
2018-04-13,2.99686497835924
2018-04-16,2.96599443249695
2018-04-17,2.95383327912928
2018-04-18,2.97331626807983
2018-04-19,2.99599888534877
2018-04-20,2.96265793874946
2018-04-23,2.9387032256817
2018-04-24,2.93902080867791
2018-04-25,2.92920069908232
2018-04-26,2.94612175135357
2018-04-27,2.97580163780568
2018-04-30,2.9751893191064
2018-05-01,2.9954655906584
2018-05-02,2.99955833412276
2018-05-03,2.94250727936582
2018-05-04,2.97583568775755
2018-05-07,3.00492328586513
2018-05-08,3.00227742710165
2018-05-09,3.01830884140787
2018-05-10,3.01232717363936
2018-05-11,2.99925940923344
2018-05-14,2.96860084074481
2018-05-15,2.94155764689337
2018-05-16,2.94961854962159
2018-05-17,2.94282365674492
2018-05-18,2.91531724570306
2018-05-21,2.94264788154366
2018-05-22,2.90875723956517
2018-05-23,2.92341249889108
2018-05-24,2.91903115880863
2018-05-25,2.92262380994142
2018-05-29,2.94007862361315
2018-05-30,2.96774423466004
2018-05-31,2.94349118019698
2018-06-01,2.96808694554372
2018-06-04,2.98480615835982
2018-06-05,2.96571969882525
2018-06-06,3.05870703689662
2018-06-07,3.04797675840654
2018-06-08,3.05293145084193
2018-06-11,3.09738589971267
2018-06-12,3.12900947967054
2018-06-13,3.13485629463165
2018-06-14,3.17170033846039
2018-06-15,3.17295754378673
2018-06-18,3.20769354040335
2018-06-19,3.15714220420742
2018-06-20,3.18420159063283
2018-06-21,3.14274325210287
2018-06-22,3.10198241946598
2018-06-25,3.10012230768948
2018-06-26,3.12676050249814
2018-06-27,3.13404391149779
2018-06-28,3.14968293425069
2018-06-29,3.12953443725979
2018-07-02,3.10628923474591
2018-07-03,3.03129249386598
2018-07-05,3.02580872213454
2018-07-06,3.02496734819021
2018-07-09,3.05560363537989
2018-07-10,3.06795986993268
2018-07-11,3.05701549910054
2018-07-12,3.04993634274391
2018-07-13,3.05673326783535
2018-07-16,3.02884457087756
2018-07-17,3.06864191059633
2018-07-18,3.07223025159424
2018-07-19,3.06098930890973
2018-07-20,3.04000427309183
2018-07-23,3.00634244260084
2018-07-24,2.98712870310586
2018-07-25,3.02444928455445
2018-07-26,3.01765679862602
2018-07-27,2.98628782858922
2018-07-30,2.96241679672491
2018-07-31,2.9895129461029
2018-08-01,2.99852834868305
2018-08-02,3.14856784405242
2018-08-03,3.14464062153274
2018-08-06,3.12673130625197
2018-08-07,3.23098882612297
2018-08-08,3.20637128646869
2018-08-09,3.15685861798752
2018-08-10,3.16544691234097
2018-08-13,3.1680316001981
2018-08-14,3.14311728614416
2018-08-15,3.11703499015703
2018-08-16,3.10742268675136
2018-08-17,3.01389958375281
2018-08-20,3.02347719124874
2018-08-21,3.06619069454052
2018-08-22,3.06538272247033
2018-08-23,3.06058325302393
2018-08-24,3.06904470802277
2018-08-27,3.05798691024003
2018-08-28,3.03450416389562
2018-08-29,3.01229434384319
2018-08-30,3.00617748611482
2018-08-31,3.00125033476354
2018-09-04,2.95820341149425
2018-09-05,2.92937875180668
2018-09-06,2.93012649201586
2018-09-07,2.86501597610756
2018-09-10,2.94619180127093
2018-09-11,2.92473740813315
2018-09-12,2.96369105592881
2018-09-13,2.95996688758703
2018-09-14,2.97960290713101
2018-09-17,2.9783826422055
2018-09-18,2.94429862861309
2018-09-19,2.99246030586511
2018-09-20,2.99015002942835
2018-09-21,2.99272779131692
2018-09-24,2.99466501951805
2018-09-25,2.99902683974299
2018-09-26,3.02716631415274
2018-09-27,3.02048991996593
2018-09-28,2.87081129640487
2018-10-01,3.03077760547459
2018-10-02,2.99912654616043
2018-10-03,2.9782469760349
2018-10-04,2.93325390504837
2018-10-05,2.86010343310186
2018-10-08,2.81564824001815
2018-10-09,2.86334311163631
2018-10-10,2.84055887511225
2018-10-11,2.82229111381751
2018-10-12,2.84792812566224
2018-10-15,2.85105324807727
2018-10-16,2.9144860440488
2018-10-17,2.89694276604253
2018-10-18,2.86755792702503
2018-10-19,2.85263135655375
2018-10-22,2.85627866376641
2018-10-23,2.97600562832594
2018-10-24,2.95664489806847
2018-10-25,3.04407792671159
2018-10-26,3.09376598961604
2018-10-29,3.10563248748146
2018-10-30,3.09073939910239
2018-10-31,3.11298187228046
2018-11-01,3.13340506405317
2018-11-02,3.13957283758314
2018-11-05,3.12500461931445
2018-11-06,3.12400821221668
2018-11-07,3.14461194268704
2018-11-08,3.15387495728165
2018-11-09,3.15133899819744
2018-11-12,3.09491371717776
2018-11-13,3.11715316119221
2018-11-14,3.13259141745886
2018-11-15,3.14541587127706
2018-11-16,3.16212202814867
2018-11-19,3.15974841845719
2018-11-20,3.14268570231827
2018-11-21,3.11555764564201
2018-11-23,3.07832557747751
2018-11-26,3.13838861254349
2018-11-27,3.13235884912402
2018-11-28,3.14377866452305
2018-11-29,3.12433070267445
2018-11-30,3.15125345198154
2018-12-03,3.1738505107021
2018-12-04,3.17722013050997
2018-12-06,3.18651792830323
2018-12-07,3.17239903426868
2018-12-10,3.19225798413149
2018-12-11,3.19665747230248
2018-12-12,3.19622115615518
2018-12-13,3.2236377993374
2018-12-14,3.19379047120946
2018-12-17,3.14535847510017
2018-12-18,3.11212171980047
2018-12-19,3.1000021926676
2018-12-20,3.04572806326199
2018-12-21,3.05955182348699
2018-12-24,2.98024633332344
2018-12-26,3.07912316360842
2018-12-27,3.04810328746925
2018-12-28,3.10270146850064
2018-12-31,3.09949149982114
2019-01-02,3.02890915170649
2019-01-03,2.99693156251175
2019-01-04,3.05302583510447
2019-01-07,3.10596095773524
2019-01-08,3.10712455689343
2019-01-09,3.11656250437541
2019-01-10,3.13540722046186
2019-01-11,3.14202360044316
2019-01-14,3.10428766755999
2019-01-15,3.13384067101996
2019-01-16,3.13853305895741
2019-01-17,3.14216752278696
2019-01-18,3.00323739903817
2019-01-22,2.99212575269191
2019-01-23,2.95348564752396
2019-01-24,2.96702411020241
2019-01-25,2.98581665679708
2019-01-28,2.98359223013466
2019-01-29,2.98722960286925
2019-01-30,3.02454648826148
2019-01-31,3.01886271107121
2019-02-01,3.03562579762815
2019-02-04,3.03780147582706
2019-02-05,3.06448061848335
2019-02-06,3.05154537228483
2019-02-07,3.020457450103
2019-02-08,3.01488112108406
2019-02-11,3.03764171979713
2019-02-12,3.0343437884332
2019-02-13,3.02260135933576
2019-02-14,3.00822063023437
2019-02-15,3.02165989903316
2019-02-19,3.01435771071816
2019-02-20,3.00422945247508
2019-02-21,2.96606310412297
2019-02-22,2.97794161130028
2019-02-25,2.99162380873759
2019-02-26,2.98857332077307
2019-02-27,3.04369675994407
2019-02-28,3.05989569192439
2019-03-01,2.97821300808977
2019-03-04,2.94570134877132
2019-03-05,2.91430531955204
2019-03-06,2.913219871865
2019-03-07,2.9144860440488
2019-03-08,2.94141689133178
2019-03-11,2.96499811444638
2019-03-12,2.93866798854866
2019-03-13,2.95823806595806
2019-03-14,2.96169282421884
2019-03-15,2.91028328512957
2019-03-18,2.88848106072483
2019-03-19,2.88095719971365
2019-03-20,2.90361697209784
2019-03-21,2.90515087611145
2019-03-22,2.86990439580691
2019-03-25,2.85424554078784
2019-03-26,2.882078217937
2019-03-27,2.90810255107582
2019-03-28,2.92179866187937
2019-03-29,2.92623927920627
2019-04-01,2.95899917112737
2019-04-02,2.9475219182984
2019-04-03,2.96805272876217
2019-04-04,2.88211550659432
2019-04-05,2.90857547666745
2019-04-08,2.90215391542401
2019-04-09,2.89889088512158
2019-04-10,2.91256799581274
2019-04-11,2.88450271715168
2019-04-12,2.88181673089923
2019-04-15,2.87687367800093
2019-04-16,2.90273945777957
2019-04-17,2.89491700882075
2019-04-18,2.90237349472582
2019-04-22,2.8631527941365
2019-04-23,2.86751998314121
2019-04-24,2.84746422679913
2019-04-25,2.80388551525314
2019-04-26,2.75213085746283
2019-04-29,2.77869501413122
2019-04-30,2.76711547597125
2019-05-01,2.74731366973998
2019-05-02,2.78952773097666
2019-05-03,2.83333103176109
2019-05-06,2.83454580482726
2019-05-07,2.80158103428518
2019-05-08,2.79255470434314
2019-05-09,2.78080487511938
2019-05-10,2.77058674536992
2019-05-13,2.7169438566775
2019-05-14,2.74002248323176
2019-05-15,2.73847161693858
2019-05-16,2.72274175786453
2019-05-17,2.64395015532634
2019-05-20,2.61671437094018
2019-05-21,2.61534994079101
2019-05-22,2.55324008181952
2019-05-23,2.56745906397604
2019-05-24,2.5422841860295
2019-05-28,2.5321082452076
2019-05-29,2.53823676056618
2019-05-30,2.52956131708117
2019-05-31,2.51317010393569
2019-06-03,2.47916793047495
2019-06-04,2.55774398063667
2019-06-05,2.57307013654239
2019-06-06,2.61958318643948
2019-06-07,2.61251776505376
2019-06-10,2.65267845298401
2019-06-11,2.67230787753915
2019-06-12,2.63552734807548
2019-06-13,2.65750517737307
2019-06-14,2.66221566955075
2019-06-17,2.70818351588483
2019-06-18,2.7068939975764
2019-06-19,2.71438562978285
2019-06-20,2.68384853078005
2019-06-21,2.69399634536229
2019-06-24,2.70198740806273
2019-06-25,2.68448587644326
2019-06-26,2.68225364814587
2019-06-27,2.69840382045551
2019-06-28,2.7011822133844
2019-07-01,2.71764843510876
2019-07-02,2.70604821626913
2019-07-03,2.75110968081886
2019-07-05,2.74341734248474
2019-07-08,2.73150627366071
2019-07-09,2.73028990373631
2019-07-10,2.76807859502246
2019-07-11,2.76673831415735
2019-07-12,2.79353450200905
2019-07-15,2.82731359935686
2019-07-16,2.82288564601004
2019-07-17,2.83266421349631
2019-07-18,2.82747136640499
2019-07-19,2.84560680877071
2019-07-22,2.83587649250891
2019-07-23,2.85328510668312
2019-07-24,2.87122668896843
2019-07-25,2.72488550751482
2019-07-26,2.72147088853232
2019-07-29,2.75480657865516
2019-07-30,2.78196136092381
2019-07-31,2.77927458630759
2019-08-01,2.74662969285723
2019-08-02,2.74872289248512
2019-08-05,2.72269790116666
2019-08-06,2.73328466401489
2019-08-07,2.74478916435227
2019-08-08,2.7654802198208
2019-08-09,2.75157782166383
2019-08-12,2.72571544979864
2019-08-13,2.75153533333289
2019-08-14,2.68384853078005
2019-08-15,2.66556017760855
2019-08-16,2.68530462223337
2019-08-19,2.7161506199823
2019-08-20,2.71186511456118
2019-08-21,2.68934298192821
2019-08-22,2.69530265661304
2019-08-23,2.6457018660182
2019-08-26,2.66258780484698
2019-08-27,2.65829959775506
2019-08-28,2.66532829961103
2019-08-29,2.69332006368846
2019-08-30,2.7107576380316
2019-09-03,2.70809464133787
2019-09-04,2.68866348004186
2019-09-05,2.72820133874083
2019-09-06,2.71888020691784
2019-09-09,2.7377816250993
2019-09-10,2.7538305855892
2019-09-11,2.80174291343614
2019-09-12,2.79675269673192
2019-09-13,2.79402398273511
2019-09-16,2.78422897049914
2019-09-17,2.79235042485068
2019-09-18,2.78702575020907
2019-09-19,2.79971742211329
2019-09-20,2.77516865664968
2019-09-23,2.77770067966892
2019-09-24,2.70006283571216
2019-09-25,2.72436091577245
2019-09-26,2.78319896205732
2019-09-27,2.78142458319089
2019-09-30,2.77620720292099
2019-10-01,2.79194197448161
2019-10-02,2.78554614576471
2019-10-03,2.74311695746918
2019-10-04,2.73622727693275
2019-10-07,2.76304328243726
2019-10-08,2.77279695918581
2019-10-09,2.79128780248029
2019-10-10,2.79214622052011
2019-10-11,2.80493484195646
2019-10-14,2.84087023351602
2019-10-15,2.84448295613567
2019-10-16,2.85166948027824
2019-10-17,2.86017977510336
2019-10-18,2.840831263344
2019-10-21,2.82731359935686
2019-10-22,2.83548533048243
2019-10-23,2.8319576327773
2019-10-24,2.99466501951805
2019-10-25,3.08535969091632
2019-10-28,3.08407889616001
2019-10-29,3.04838796457666
2019-10-30,3.04455422636204
2019-10-31,3.04426845562616
2019-11-01,3.03914289466796
2019-11-04,3.05233314644626
2019-11-05,3.05154537228483
2019-11-06,3.08062471113648
2019-11-07,3.10769097028415
2019-11-08,3.11244806578213
2019-11-11,3.1357550740244
2019-11-12,3.14968293425069
2019-11-13,3.13870641671448
2019-11-14,3.14802412320614
2019-11-15,3.15606383975291
2019-11-18,3.14985436999109
2019-11-19,3.17671962452386
2019-11-20,3.15620575565437
2019-11-21,3.16358856797002
2019-11-22,3.10021242744185
2019-11-25,3.11007234677517
2019-11-26,3.08776433603715
2019-11-27,3.09494394366048
2019-11-29,3.09086063182601
2019-12-02,3.10569220960444
2019-12-03,3.10965604483463
2019-12-04,3.10018235979049
2019-12-05,3.09216308611791
2019-12-06,3.10873357359708
2019-12-09,3.11951205308176
2019-12-10,3.14656318556474
2019-12-11,3.15756759504014
2019-12-12,3.17716453110281
2019-12-13,3.17357162401847
2019-12-16,3.23606061462508
2019-12-17,3.22945964800021
2019-12-18,3.26614098240486
2019-12-19,3.29346371244886
2019-12-20,3.29729259641469
2019-12-23,3.33034563905229
2019-12-24,3.34462704362948
2019-12-26,3.35791868711724
2019-12-27,3.35661831858709
2019-12-30,3.31950519558594
2019-12-31,3.32822037521621
2020-01-02,3.35633947655229
2020-01-03,3.38554215548452
2020-01-06,3.40461376765928
2020-01-07,3.44268047352737
2020-01-08,3.49071304202043
2020-01-09,3.46852365654357
2020-01-10,3.46187430086259
2020-01-13,3.55508132408361
2020-01-14,3.57965961025624
2020-01-15,3.54288979713866
2020-01-16,3.53318033486195
2020-01-17,3.52734042155756
2020-01-21,3.59676415265778
2020-01-22,3.6368139878027
2020-01-23,3.64143840084731
2020-01-24,3.62845690142827
2020-01-27,3.61634456957037
2020-01-28,3.63213266235823
2020-01-29,3.65668332708903
2020-01-30,3.7546828497898
2020-01-31,3.76979871771377
2020-02-03,3.95124371858143
2020-02-04,4.07986241560996
2020-02-05,3.89141204217809
2020-02-06,3.91063540069378
2020-02-07,3.90944637027157
2020-02-10,3.94000127461715
2020-02-11,3.9440124799029
2020-02-12,3.93481465133582
2020-02-13,3.98154903960887
2020-02-14,3.97659905294594
2020-02-18,4.04701996977205
2020-02-19,4.11351514630401
2020-02-20,4.09368879152639
2020-02-21,4.09545503957074
2020-02-24,4.01793134463606
2020-02-25,3.97644898666401
2020-02-26,3.94970403712899
2020-02-27,3.81257092083837
2020-02-28,3.79622297051095
2020-03-02,3.90347999529686
2020-03-03,3.90601838039569
2020-03-04,3.91135612661976
2020-03-05,3.87748674982811
2020-03-06,3.84798923969263
2020-03-09,3.70212466831561
2020-03-10,3.76171159786729
2020-03-11,3.74436149893932
2020-03-12,3.62086821491524
2020-03-13,3.59570367355376
2020-03-16,3.39018137137826
2020-03-17,3.35620002637214
2020-03-18,3.1814369827121
2020-03-19,3.35023149531497
2020-03-20,3.34997428862502
2020-03-23,3.36566233229072
2020-03-24,3.51650826594243
2020-03-25,3.58212910538929
2020-03-26,3.56134906671377
2020-03-27,3.53487326140142
2020-03-30,3.51080887412578
2020-03-31,3.55344151233866
2020-04-01,3.46898063581637
2020-04-02,3.41108171481585
2020-04-03,3.4657567642078
2020-04-06,3.53852158316609
2020-04-07,3.59356097730864
2020-04-08,3.59975673837737
2020-04-09,3.64283553558477
2020-04-13,3.77038265199384
2020-04-14,3.85705983186672
2020-04-15,3.8847614526241
2020-04-16,3.90561588111774
2020-04-17,3.91719629215929
2020-04-20,3.9071578265782
2020-04-21,3.82387645178756
2020-04-22,3.88788060689025
2020-04-23,3.85104081580097
2020-04-24,3.87832834678996
2020-04-27,3.97499780458953
2020-04-28,3.93719678677523
2020-04-29,3.97719880705616
2020-04-30,3.95365104707543
2020-05-01,3.84491404486802
2020-05-04,3.92683276520854
2020-05-05,3.93601294587356
2020-05-06,3.95454596947135
2020-05-07,3.95129499560114
2020-05-08,4.00054654164943
2020-05-11,3.99057534524253
2020-05-12,3.98825538590546
2020-05-13,3.96519720497492
2020-05-14,3.98071536586448
2020-05-15,3.97552348569885
2020-05-18,3.99345552679844
2020-05-19,3.98652421733933
2020-05-20,3.99582478975303
2020-05-21,4.01047972448804
2020-05-22,3.99744202413198
2020-05-26,3.99987510607936
2020-05-27,4.00153457312123
2020-05-28,3.9837978211815
2020-05-29,4.01938154659114
2020-06-01,4.09223121362817
2020-06-02,4.07364288741014
2020-06-03,4.07522967140343
2020-06-04,4.05396226058287
2020-06-05,4.07828290696656
2020-06-08,4.14832755544514
2020-06-09,4.13854220049692
2020-06-10,4.22444651740324
2020-06-11,4.17216947097542
2020-06-12,4.13279576768452
2020-06-15,4.19056338300524
2020-06-16,4.18167349412234
2020-06-17,4.19146116037694
2020-06-18,4.20365721880993
2020-06-19,4.20060471275994
2020-06-22,4.19400891572004
2020-06-23,4.20148347149129
2020-06-24,4.15976805904664
2020-06-25,4.18558590367523
2020-06-26,4.15861220316909
2020-06-29,4.20901165080592
2020-06-30,4.27649020361438
2020-07-01,4.31270332856838
2020-07-02,4.38921736359026
2020-07-06,4.51566844476708
2020-07-07,4.52890810096467
2020-07-08,4.51150402452813
2020-07-09,4.53208326830852
2020-07-10,4.63450245103341
2020-07-13,4.60320827123625
2020-07-14,4.61630795756016
2020-07-15,4.63538245823216
2020-07-16,4.60559673074713
2020-07-17,4.60573002680656
2020-07-20,4.69622891229148
2020-07-21,4.64973558027557
2020-07-22,4.66490344098601
2020-07-23,4.61384574685755
2020-07-24,4.54824704397266
2020-07-27,4.63122771436085
2020-07-28,4.58937276717656
2020-07-29,4.60457667188074
2020-07-30,4.59679521729881
2020-07-31,4.55791087765894
2020-08-03,4.59511985013459
2020-08-04,4.59646572483503
2020-08-05,4.59513333634712
2020-08-06,4.59819930574571
2020-08-07,4.57313588111563
2020-08-10,4.5493544157514
2020-08-11,4.5177150682039
2020-08-12,4.64102625741597
2020-08-13,4.68274831122027
2020-08-14,4.70091057109241
2020-08-17,4.80709826793221
2020-08-18,4.83474103594194
2020-08-19,4.83019465769164
2020-08-20,4.89376687148692
2020-08-21,4.9175350830274
2020-08-24,4.89992716302111
2020-08-25,4.90445464965385
2020-08-26,4.96664622353923
2020-08-27,5.00562275227271
2020-08-28,4.9942348561833
2020-08-31,5.11263019759607
2020-09-01,5.06480781152911
2020-09-02,5.00477372724267
2020-09-03,4.91020093426537
2020-09-04,4.93763441872041
2020-09-08,4.70111652426274
2020-09-09,4.80478575540931
2020-09-10,4.81850578644934
2020-09-11,4.82221516164605
2020-09-14,4.94073727588752
2020-09-15,5.01010180627656
2020-09-16,4.99215441253811
2020-09-17,4.94977586917252
2020-09-18,4.99303688854946
2020-09-21,5.0092787836315
2020-09-22,4.95166349821679
2020-09-23,4.8425058856078
2020-09-24,4.86185168935501
2020-09-25,4.9110359198832
2020-09-28,4.94449544811937
2020-09-29,4.93942569921677
2020-09-30,4.96286789163982
2020-10-01,5.00653806506276
2020-10-02,4.92988302993747
2020-10-05,4.9550755485684
2020-10-06,4.92720536449108
2020-10-07,4.95418248488931
2020-10-08,4.9556392064141
2020-10-09,4.9744322805908
2020-10-12,4.99337610310592
2020-10-13,5.00316298781464
2020-10-14,5.03543627543342
2020-10-15,5.00814327965935
2020-10-16,4.98741218739397
2020-10-19,4.96710129632259
2020-10-20,4.94625084095072
2020-10-21,4.94790849884732
2020-10-22,4.95533392670672
2020-10-23,4.94314134661741
2020-10-26,4.94230890055421
2020-10-27,4.95272363823082
2020-10-28,4.90779010374549
2020-10-29,4.91956718227304
2020-10-30,4.86249612112298
2020-11-02,4.89412639450378
2020-11-03,4.9508853112882
2020-11-04,4.94397299155286
2020-11-05,4.98381207169312
2020-11-06,4.96505662709086
2020-11-09,4.94463791854926
2020-11-10,4.91842253603876
2020-11-11,4.93478564685183
2020-11-12,4.92182831627821
2020-11-13,4.91387966298517
2020-11-16,4.91287544067156
2020-11-17,4.99181488690066
2020-11-18,5.08891234009013
2020-11-19,5.11453478203518
2020-11-20,5.09499689956982
2020-11-23,5.15876788405407
2020-11-24,5.22104025679073
2020-11-25,5.2540170810682
2020-11-27,5.27429782527642
2020-11-30,5.24280464048798
2020-12-01,5.27258920858143
2020-12-02,5.24495179064828
2020-12-03,5.28722272277124
2020-12-04,5.29671604850128
2020-12-07,5.3656021047941
2020-12-08,5.37817542582745
2020-12-09,5.30575628857704
2020-12-10,5.34244587582304
2020-12-11,5.31483028392759
2020-12-14,5.36259025411101
2020-12-15,5.35225297611768
2020-12-16,5.33556496293364
2020-12-17,5.38739604032602
2020-12-18,5.44529957885178
2020-12-21,5.37814464386668
2020-12-22,5.36338701473248
2020-12-23,5.37215622464784
2020-12-24,5.39630575827481
2020-12-28,5.39920286500959
2020-12-29,5.40266239790409
2020-12-30,5.44498298022767
2020-12-31,5.46053539323516
2021-01-04,5.4941171331912
2021-01-05,5.50140786004104
2021-01-06,5.52940262648348
2021-01-07,5.60585109517362
2021-01-08,5.68133233333443
2021-01-11,5.59989001968631
2021-01-12,5.64596502304139
2021-01-13,5.65179892359302
2021-01-14,5.64072430257359
2021-01-15,5.61817613818866
2021-01-19,5.64019163800435
2021-01-20,5.64715334684561
2021-01-21,5.64071249274242
2021-01-22,5.64266323132817
2021-01-25,5.6822183175289
2021-01-26,5.68481486240743
2021-01-27,5.66314568772897
2021-01-28,5.62933422839486
2021-01-29,5.57787909468673
2021-02-01,5.63456342053971
2021-02-02,5.67308266323137
2021-02-03,5.6521265442802
2021-02-04,5.6466122486486
2021-02-05,5.64924413186426
2021-02-08,5.6622889739712
2021-02-09,5.64598851882869
2021-02-10,5.59200640828218
2021-02-11,5.60046928670522
2021-02-12,5.60594914571797
2021-02-16,5.58126328076057
2021-02-17,5.58368421515991
2021-02-18,5.5700986569111
2021-02-19,5.56234685565059
2021-02-22,5.47297073005771
2021-02-23,5.45080954553232
2021-02-24,5.51076389350794
2021-02-25,5.4267398772255
2021-02-26,5.41684089132103
2021-03-01,5.47845599795777
2021-03-02,5.43290655865149
2021-03-03,5.38327109111625
2021-03-04,5.33342708092342
2021-03-05,5.29489484464301
2021-03-08,5.23466736657423
2021-03-09,5.41399450797947
2021-03-10,5.40576567469929
2021-03-11,5.4518964413899
2021-03-12,5.44347054098947
2021-03-15,5.46374703756659
2021-03-16,5.41888170061901
2021-03-17,5.45505039823252
2021-03-18,5.38320983917276
2021-03-19,5.38582442322963
2021-03-22,5.40866540094259
2021-03-23,5.39689493543958
2021-03-24,5.34753599290439
2021-03-25,5.36346507613896
2021-03-26,5.3290243628496
2021-03-29,5.3169592036312
2021-03-30,5.3559886281546
2021-03-31,5.40557105514803
2021-04-01,5.39627552938086
2021-04-05,5.43959991787863
2021-04-06,5.44042435405051
2021-04-07,5.41011211699303
2021-04-08,5.42905319300003
2021-04-09,5.41908855475415
2021-04-12,5.45529261883706
2021-04-13,5.53775415599588
2021-04-14,5.49748235691693
2021-04-15,5.50648266359445
2021-04-16,5.50774057500723
2021-04-19,5.47315266575278
2021-04-20,5.47923514716795
2021-04-21,5.513589996414
2021-04-22,5.48020827846308
2021-04-23,5.49360998133861
2021-04-26,5.50560249779374
2021-04-27,5.45921663793951
2021-04-28,5.44443584391434
2021-04-29,5.419059006783
2021-04-30,5.46586361969293
2021-05-03,5.43066056690306
2021-05-04,5.41402420597364
2021-05-05,5.41006742916632
2021-05-06,5.39897681653292
2021-05-07,5.41219651100314
2021-05-10,5.34558252408469
2021-05-11,5.32658085159898
2021-05-12,5.28132381500395
2021-05-13,5.24998462871856
2021-05-14,5.28106948245304
2021-05-17,5.25893533667297
2021-05-18,5.26073665916818
2021-05-19,5.23548409637242
2021-05-20,5.27603769778089
2021-05-21,5.26593188854137
2021-05-24,5.30899351057107
2021-05-25,5.30610367061999
2021-05-26,5.32970296136231
2021-05-27,5.34845586156837
2021-05-28,5.33949127667779
2021-06-01,5.33737777620868
2021-06-02,5.30681448873282
2021-06-03,5.25199417718658
2021-06-04,5.29673278351213
2021-06-07,5.30683105559799
2021-06-08,5.3042828900381
2021-06-09,5.29628198663044
2021-06-10,5.31504338747007
2021-06-11,5.31466629834969
2021-06-14,5.32737442876662
2021-06-15,5.29725013160595
2021-06-16,5.30640128739457
2021-06-17,5.32560826142926
2021-06-18,5.33643171922011
2021-06-21,5.33244498214688
2021-06-22,5.33707323884921
2021-06-23,5.38841705983324
2021-06-24,5.423215801798
2021-06-25,5.41145257349226
2021-06-28,5.43622251545401
2021-06-29,5.4245975243892
2021-06-30,5.42303923119462
2021-07-01,5.42041697300091
2021-07-02,5.42186156612494
2021-07-06,5.39299098292681
2021-07-07,5.37009523572078
2021-07-08,5.38267382975207
2021-07-09,5.38899564200109
2021-07-12,5.43182792117164
2021-07-13,5.40648393149374
2021-07-14,5.38354660838203
2021-07-15,5.37928273475251
2021-07-16,5.36942801958652
2021-07-19,5.37252769269018
2021-07-20,5.39438485839615
2021-07-21,5.38646556354353
2021-07-22,5.37722095568285
2021-07-23,5.36812327209792
2021-07-26,5.3900149608117
2021-07-27,5.37029688278033
2021-07-28,5.37370311043486
2021-07-29,5.4195758688967
2021-07-30,5.43401307756108
2021-08-02,5.46618780350819
2021-08-03,5.46628642485728
2021-08-04,5.46794759318463
2021-08-05,5.47315266575278
2021-08-06,5.4511815354067
2021-08-09,5.47193447501575
2021-08-10,5.46663858300643
2021-08-11,5.46357754576127
2021-08-12,5.48375905067823
2021-08-13,5.47670064157491
2021-08-16,5.43251309686205
2021-08-17,5.40224186169258
2021-08-18,5.4366144542783
2021-08-19,5.4138311872299
2021-08-20,5.42386275885905
2021-08-23,5.46142779206753
2021-08-24,5.46452364225326
2021-08-25,5.46834139124059
2021-08-26,5.45412382290917
2021-08-27,5.46935327574179
2021-08-30,5.49567807037362
2021-08-31,5.50223734529362
2021-09-01,5.50001936403087
2021-09-02,5.49770089029878
2021-09-03,5.49931072640129
2021-09-07,5.52534666908978
2021-09-08,5.52660762396417
2021-09-09,5.52791999351748
2021-09-10,5.50298463714193
2021-09-13,5.51208377658638
2021-09-14,5.5140871184151
2021-09-15,5.52920417673447
2021-09-16,5.53073776189904
2021-09-17,5.53403485386596
2021-09-20,5.49466509256737
2021-09-21,5.50719973575118
2021-09-22,5.52404424811133
2021-09-23,5.52630251093182
2021-09-24,5.55346335290384
2021-09-27,5.57514075428139
2021-09-28,5.55754855893385
2021-09-29,5.56235974536827
2021-09-30,5.55486995732318
2021-10-01,5.55453461231024
2021-10-04,5.56264128565913
2021-10-05,5.56143771155089
2021-10-06,5.56420103255076
2021-10-07,5.57797992647988
2021-10-08,5.56769538691761
2021-10-11,5.57587338431884
2021-10-12,5.59312400045716
2021-10-13,5.59975435005092
2021-10-14,5.60864121572392
2021-10-15,5.63839029064103
2021-10-18,5.670007405081
2021-10-19,5.66327291860631
2021-10-20,5.66504166748847
2021-10-21,5.6970934865054
2021-10-22,5.71448055904933
2021-10-25,5.8336989939168
2021-10-26,5.82740517895751
2021-10-27,5.84630390649241
2021-10-28,5.88335953593658
2021-10-29,5.91710015921371
2021-11-01,5.99859740340954
2021-11-02,5.96785465542996
2021-11-03,6.00294834298162
2021-11-04,6.01608398926708
2021-11-05,6.00970552008095
2021-11-08,5.96009427390538
2021-11-09,5.83237108661635
2021-11-10,5.87488392470704
2021-11-11,5.87071772933018
2021-11-12,5.84201666405062
2021-11-15,5.8224441208937
2021-11-16,5.86242778179949
2021-11-17,5.89441199790335
2021-11-18,5.90115681069517
2021-11-19,5.93758894515252
2021-11-22,5.95486104206205
2021-11-23,5.91262874861334
2021-11-24,5.91889385427315
2021-11-26,5.88788027146931
2021-11-29,5.93752742822065
2021-11-30,5.94433800689343
2021-12-01,5.89989735358249
2021-12-02,5.89035422322911
2021-12-03,5.82400204692342
2021-12-06,5.81811265211758
2021-12-07,5.85959846281852
2021-12-08,5.87582922406423
2021-12-09,5.81293580679395
2021-12-10,5.82602963427675
2021-12-13,5.77497585835213
2021-12-14,5.76676768508113
2021-12-15,5.78484001051666
2021-12-16,5.73325495484433
2021-12-17,5.73933190218623
2021-12-20,5.70371584239075
2021-12-21,5.74570249893358
2021-12-22,5.81797390835817
2021-12-23,5.87399393403235
2021-12-27,5.89892885043461
2021-12-28,5.8939160318846
2021-12-29,5.89181912463429
2021-12-30,5.87711934190168
2021-12-31,5.86436956702692
2022-01-03,5.9912811959496
2022-01-04,5.948548317649
2022-01-05,5.89359442229609
2022-01-06,5.8718360424546
2022-01-07,5.83574599350439
2022-01-10,5.86563673425388
2022-01-11,5.87155421603004
2022-01-12,5.91009176215848
2022-01-13,5.84021520750172
2022-01-14,5.85756164295928
2022-01-18,5.83919679550494
2022-01-19,5.80478349540639
2022-01-20,5.80540600548966
2022-01-21,5.75140793319652
2022-01-24,5.73657229747919
2022-01-25,5.72402073025138
2022-01-26,5.74450846847479
2022-01-27,5.62172849381568
2022-01-28,5.64232070417857
2022-01-31,5.74377209159634
2022-02-01,5.73791544825511
2022-02-02,5.71005164135012
2022-02-03,5.69388923547568
2022-02-04,5.72936362229218
2022-02-07,5.71190491571657
2022-02-08,5.72793296798781
2022-02-09,5.7387204932733
2022-02-10,5.70882528030402
2022-02-11,5.65832006509389
2022-02-14,5.67647983812618
2022-02-15,5.72839916258464
2022-02-16,5.7294393746174
2022-02-17,5.67715327281578
2022-02-18,5.6548023052543
2022-02-22,5.61255612807289
2022-02-23,5.54000782639031
2022-02-24,5.58696150048429
2022-02-25,5.59826144626157
2022-02-28,5.67037508039723
2022-03-01,5.66338858825265
2022-03-02,5.68118459295562
2022-03-03,5.63394401784001
2022-03-04,5.63275178778953
2022-03-07,5.59170809677768
2022-03-08,5.61604351592668
2022-03-09,5.65712170979678
2022-03-10,5.63276369200993
2022-03-11,5.58016998835026
2022-03-14,5.54305278680093
2022-03-15,5.5883591328946
2022-03-16,5.63506335196895
2022-03-17,5.67171828639173
2022-03-18,5.70975348390329
2022-03-21,5.72702149381675
2022-03-22,5.80310477741215
2022-03-23,5.80825264045692
2022-03-24,5.82296698005188
2022-03-25,5.81972679834789
2022-03-28,5.89700730545043
2022-03-29,5.90406221901765
2022-03-30,5.8989745445776
2022-03-31,5.88387937041198
2022-04-01,5.89034502233092
2022-04-04,5.94494060051066
2022-04-05,5.89647596323019
2022-04-06,5.85388689346172
2022-04-07,5.86482368424209
2022-04-08,5.83431349817406
2022-04-11,5.78477856635655
2022-04-12,5.79600710328933
2022-04-13,5.83126647687551
2022-04-14,5.79402938348629
2022-04-18,5.81342382300592
2022-04-19,5.83690408484504
2022-04-20,5.78607906320732
2022-04-21,5.81788469929267
2022-04-22,5.8141802696856
2022-04-25,5.80716104709271
2022-04-26,5.67723318956451
2022-04-27,5.68302406848325
2022-04-28,5.67847603896969
2022-04-29,5.67075408103263
2022-05-02,5.70704385386043
2022-05-03,5.71400782876245
2022-05-04,5.76060382155911
2022-05-05,5.6736439125081
2022-05-06,5.66486833885224
2022-05-09,5.56975570265515
2022-05-10,5.58604941028541
2022-05-11,5.49989676073495
2022-05-12,5.49168878048845
2022-05-13,5.54724561207745
2022-05-16,5.48669001615915
2022-05-17,5.53682230574143
2022-05-18,5.46638503648115
2022-05-19,5.46583542202314
2022-05-20,5.39951926084714
2022-05-23,5.4159522114287
2022-05-24,5.34418265254113
2022-05-25,5.39180773742916
2022-05-26,5.46345039188207
2022-05-27,5.53421921047592
2022-05-31,5.5324140187082
2022-06-01,5.50853774536698
2022-06-02,5.55425078006276
2022-06-03,5.45752664121553
2022-06-06,5.47344644763751
2022-06-07,5.47598926781814
2022-06-08,5.4883866185445
2022-06-09,5.47941594680705
2022-06-10,5.44772824148719
2022-06-13,5.37405851492839
2022-06-14,5.39766483728559
2022-06-15,5.4510384535657
2022-06-16,5.36176156774613
2022-06-17,5.37879072535577
2022-06-21,5.46821484170052
2022-06-22,5.46419898303919
2022-06-23,5.45988337328703
2022-06-24,5.50413840589532
2022-06-27,5.50093161913362
2022-06-28,5.449592473353
2022-06-29,5.43149246974161
2022-06-30,5.41375689226984
2022-07-01,5.42610941640341
2022-07-05,5.45132453130857
2022-07-06,5.44558730284209
2022-07-07,5.49939253231397
2022-07-08,5.52450961059881
2022-07-11,5.45678729645321
2022-07-12,5.45133886905541
2022-07-13,5.46822887494154
2022-07-14,5.47358635917842
2022-07-15,5.48091665830929
2022-07-18,5.48291408892611
2022-07-19,5.50341913438977
2022-07-20,5.51141058200874
2022-07-21,5.60472304700762
2022-07-22,5.60669632503321
2022-07-25,5.59260253707911
2022-07-26,5.55628731842603
2022-07-27,5.6161163645546
2022-07-28,5.63799871238177
2022-07-29,5.69423704127248
2022-08-01,5.69466326195169
2022-08-02,5.70573613143167
2022-08-03,5.72813899005832
2022-08-04,5.73215394219391
2022-08-05,5.66355063036489
2022-08-08,5.67133965108381
2022-08-09,5.64662409671928
2022-08-10,5.68479215772746
2022-08-11,5.65819220245715
2022-08-12,5.70388246558793
2022-08-15,5.73437636341929
2022-08-16,5.72542433754277
2022-08-17,5.71701675918841
2022-08-18,5.71330365441803
2022-08-19,5.69260913976866
2022-08-22,5.66958201651286
2022-08-23,5.69188983210058
2022-08-24,5.69405760666562
2022-08-25,5.69059593759016
2022-08-26,5.66327291860631
2022-08-29,5.65185742750654
2022-08-30,5.62654143827037
2022-08-31,5.61898676980233
2022-09-01,5.62459496997216
2022-09-02,5.5991994028405
2022-09-06,5.61465982842435
2022-09-07,5.64791738484276
2022-09-08,5.6673259714063
2022-09-09,5.70271521425565
2022-09-12,5.71840837096076
2022-09-13,5.6771989253877
2022-09-14,5.71244479932787
2022-09-15,5.71620499465476
2022-09-16,5.71488727450868
2022-09-19,5.7335678121565
2022-09-20,5.73246714410166
2022-09-21,5.7064455514938
2022-09-22,5.66500698301513
2022-09-23,5.61797032947245
2022-09-26,5.62043713232627
2022-09-27,5.64523486965949
2022-09-28,5.66230053171856
2022-09-29,5.59177022390117
2022-09-30,5.58067277749409
2022-10-03,5.49058922901564
2022-10-04,5.51921841509701
2022-10-05,5.48400823067329
2022-10-06,5.47281676354067
2022-10-07,5.40748565638241
2022-10-10,5.40699241328612
2022-10-11,5.37759054744254
2022-10-12,5.3810027584528
2022-10-13,5.40141533005721
2022-10-14,5.32296122425803
2022-10-17,5.39066865543769
2022-10-18,5.39449082108442
2022-10-19,5.40285751558476
2022-10-20,5.3340705303647
2022-10-21,5.36802999034437
2022-10-24,5.35304226623728
2022-10-25,5.40456747815827
2022-10-26,5.41449911812042
2022-10-27,5.41650030595622
2022-10-28,5.43162375255249
2022-10-31,5.42732601760525
2022-11-01,5.42855587562091
2022-11-02,5.37054498067116
2022-11-03,5.37207883877106
2022-11-04,5.3349867567888
2022-11-07,5.28360974696669
2022-11-08,5.25384289239894
2022-11-09,5.17947750204536
2022-11-10,5.25080639027748
2022-11-11,5.27796159251999
2022-11-14,5.25201159768955
2022-11-15,5.27002075797488
2022-11-16,5.2306807080363
2022-11-17,5.21041467337565
2022-11-18,5.19401186328779
2022-11-21,5.12318984124746
2022-11-22,5.1352689066509
2022-11-23,5.21057843558196
2022-11-25,5.20872083607409
2022-11-28,5.20904888877971
2022-11-29,5.19755737352272
2022-11-30,5.271459896704
2022-12-01,5.271459896704
2022-12-02,5.27228135512945
2022-12-05,5.20647614615591
2022-12-06,5.19195639128746
2022-12-07,5.1592851192759
2022-12-08,5.15583173232765
2022-12-09,5.18766511348861
2022-12-12,5.12289202008522
2022-12-13,5.08109373878391
2022-12-14,5.05497112737905
2022-12-15,5.06050422963618
2022-12-16,5.01216742463487
2022-12-19,5.00976821907659
2022-12-20,4.92580338072584
2022-12-21,4.92413293171285
2022-12-22,4.83110981243135
2022-12-23,4.81340313695696
2022-12-27,4.69226487885297
2022-12-28,4.72481814013113
2022-12-29,4.8025445429032
2022-12-30,4.81364670273638
2023-01-03,4.68305671052972
2023-01-04,4.73303555161506
2023-01-05,4.70356647465497
2023-01-06,4.72791862965325
2023-01-09,4.78557320893124
2023-01-10,4.77786218096751
2023-01-11,4.81397138549312
2023-01-12,4.81672684829151
2023-01-13,4.80729438254456
2023-01-17,4.87893084487511
2023-01-18,4.85810551263106
2023-01-19,4.84552475963417
2023-01-20,4.89350203355738
2023-01-23,4.96807567967746
2023-01-24,4.96904911453353
2023-01-25,4.97279491040187
2023-01-26,5.07685991966338
2023-01-27,5.1812215603631
2023-01-30,5.11595583092759
2023-01-31,5.15456246995002
2023-02-01,5.20075968314015
2023-02-02,5.23787712542989
2023-02-03,5.24691878097303
2023-02-06,5.27176800310971
2023-02-07,5.28223878393046
2023-02-08,5.30474662095874
2023-02-09,5.33426352864959
2023-02-10,5.28264519405378
2023-02-13,5.27115169533947
2023-02-14,5.34352970936958
2023-02-15,5.3670969075831
2023-02-16,5.30846566436947
2023-02-17,5.33902734307576
2023-02-21,5.28508011502663
2023-02-22,5.30260815100389
2023-02-23,5.30861420827135
2023-02-24,5.28259443088375
2023-02-27,5.33575767303877
2023-02-28,5.32646744260192
2023-03-01,5.31207235285085
2023-03-02,5.25174969875938
2023-03-03,5.2872058278489
2023-03-06,5.26687828511575
2023-03-07,5.23489825444561
2023-03-08,5.2040066870768
2023-03-09,5.1528290492104
2023-03-10,5.15583173232765
2023-03-13,5.16181009740655
2023-03-14,5.21090587956236
2023-03-15,5.19545371417687
2023-03-16,5.21564205639741
2023-03-17,5.19367883954262
2023-03-20,5.21085134076676
2023-03-21,5.28614357488374
2023-03-22,5.25305842821192
2023-03-23,5.25864055574569
2023-03-24,5.24917966121924
2023-03-27,5.25650528600534
2023-03-28,5.24275181400285
2023-03-29,5.26723943616189
2023-03-30,5.27443441983367
2023-03-31,5.33493858236591
2023-04-03,5.27181939717774
2023-04-04,5.26051166132016
2023-04-05,5.22316271597693
2023-04-06,5.22068008362837
2023-04-10,5.21770363278216
2023-04-11,5.22998495522782
2023-04-12,5.19595232268231
2023-04-13,5.22520886189514
2023-04-14,5.22035582507832
2023-04-17,5.2313224618284
2023-04-18,5.21661910931734
2023-04-19,5.19622924818567
2023-04-20,5.093688882934
2023-04-21,5.10643021597631
2023-04-24,5.09098566552419
2023-04-25,5.07935256065887
2023-04-26,5.03532790668663
2023-04-27,5.07636062595408
2023-04-28,5.1017548726052
2023-05-01,5.08654641284348
2023-05-02,5.0771094254723
2023-05-03,5.07897906987502
2023-05-04,5.08264581114103
2023-05-05,5.1361513016015
2023-05-08,5.14627276155653
2023-05-09,5.13078585914326
2023-05-10,5.12717307050876
2023-05-11,5.14795949560019
2023-05-12,5.12384489926314
2023-05-15,5.11409403915529
2023-05-16,5.11511544798412
2023-05-17,5.15825038116151
2023-05-18,5.17552806700496
2023-05-19,5.19373432296739
2023-05-22,5.24105892185499
2023-05-23,5.22450937240197
2023-05-24,5.20893952202604
2023-05-25,5.21748685525084
2023-05-26,5.26357062073922
2023-05-30,5.30410062950872
2023-05-31,5.3177767617889
2023-06-01,5.33522774115632
2023-06-02,5.36583582398388
2023-06-05,5.382704472613
2023-06-06,5.39956442253271
2023-06-07,5.41418749520486
2023-06-08,5.45898959453573
2023-06-09,5.49880620232397
2023-06-12,5.52078069388659
2023-06-13,5.55570771022847
2023-06-14,5.54825866352354
2023-06-15,5.54478671931457
2023-06-16,5.56275643306639
2023-06-20,5.61476913947406
2023-06-21,5.55860251520938
2023-06-22,5.57825698850306
2023-06-23,5.54751847596765
2023-06-26,5.4850043935119
2023-06-27,5.52230059209262
2023-06-28,5.54611446718966
2023-06-29,5.55101972010379
2023-06-30,5.56746621364926
2023-07-03,5.63414656547989
2023-07-05,5.64360779051254
2023-07-06,5.62235550685988
2023-07-07,5.61469619263292
2023-07-10,5.59697641600644
2023-07-11,5.59764391026703
2023-07-12,5.60576526500992
2023-07-13,5.62726131478546
2023-07-14,5.63970608630216
2023-07-17,5.67119042687079
2023-07-18,5.68133233333443
2023-07-19,5.67421637258333
2023-07-20,5.57177370851972
2023-07-21,5.56075850888216
2023-07-24,5.59493439398356
2023-07-25,5.58078586734537
2023-07-26,5.57727400577023
2023-07-27,5.54404401611829
2023-07-28,5.58514908670804
2023-07-31,5.58885782246087
2023-08-01,5.56478859865204
2023-08-02,5.53776724653848
2023-08-03,5.55806284855074
2023-08-04,5.53678293636432
2023-08-07,5.52724415048133
2023-08-08,5.52026018506403
2023-08-09,5.48972255215557
2023-08-10,5.50264498867794
2023-08-11,5.49162005069765
2023-08-14,5.47963840009731
2023-08-15,5.45086679382815
2023-08-16,5.4187635466785
2023-08-17,5.39007579735597
2023-08-18,5.37291453024632
2023-08-21,5.44362909243006
2023-08-22,5.45185358237984
2023-08-23,5.4674692518702
2023-08-24,5.4382531776599
2023-08-25,5.47474658228819
2023-08-28,5.4757101607736
2023-08-29,5.54977620036333
2023-08-30,5.5486868803575
2023-08-31,5.55326956234755
2023-09-01,5.50129900361813
2023-09-05,5.54708963942196
2023-09-06,5.52911156952437
2023-09-07,5.52740324916035
2023-09-08,5.51544284553668
2023-09-11,5.61159403457973
2023-09-12,5.58904483825923
2023-09-13,5.6032251746703
2023-09-14,5.62054581370778
2023-09-15,5.61455050542444
2023-09-18,5.58078586734537
2023-09-19,5.5853742436059
2023-09-20,5.57059386646635
2023-09-21,5.54400487036223
2023-09-22,5.50076831457677
2023-09-25,5.50934787221887
2023-09-26,5.49765988767461
2023-09-27,5.48272008954582
2023-09-28,5.50687507935204
2023-09-29,5.52234053576777
2023-10-02,5.52784054908509
2023-10-03,5.50748368497985
2023-10-04,5.56513326034091
2023-10-05,5.56087387327799
2023-10-06,5.56271801302499
2023-10-09,5.55941164580148
2023-10-10,5.57450865376216
2023-10-11,5.57211597150812
2023-10-12,5.5563259863263
2023-10-13,5.52593089308956
2023-10-16,5.53701924956695
2023-10-17,5.5406751607355
2023-10-18,5.49174367289353
2023-10-19,5.39412742416695
2023-10-20,5.35653912966053
2023-10-23,5.35696357061456
2023-10-24,5.37768294166118
2023-10-25,5.35856543827342
2023-10-26,5.32671041435231
2023-10-27,5.33416703416319
2023-10-30,5.28502947531368
2023-10-31,5.30250855293254
2023-11-01,5.32622433760766
2023-11-02,5.38683175493959
2023-11-03,5.39344574216274
2023-11-06,5.39030386664534
2023-11-07,5.40348783118833
2023-11-08,5.40317275739839
2023-11-09,5.3470122677398
2023-11-10,5.36900876623583
2023-11-13,5.41035060023529
2023-11-14,5.46978861971283
2023-11-15,5.4924027751819
2023-11-16,5.45356742614109
2023-11-17,5.45660235853875
2023-11-20,5.4621354776837
2023-11-21,5.48562645220063
2023-11-22,5.45621817746632
2023-11-24,5.46149856372818
2023-11-27,5.46417073839076
2023-11-28,5.50825409532269
2023-11-29,5.49774182874165
2023-11-30,5.48097220875897
2023-12-01,5.47575200943537
2023-12-04,5.46205056630318
2023-12-05,5.47529132212893
2023-12-06,5.4780104515897
2023-12-07,5.49157886086486
2023-12-08,5.49651225747979
2023-12-11,5.47955502569196
2023-12-12,5.46810231116088
2023-12-13,5.47767617743377
2023-12-14,5.52565213463669
2023-12-15,5.53536382303124
2023-12-18,5.5297465047128
2023-12-19,5.5499317545837
2023-12-20,5.50995497520638
2023-12-21,5.53930083599058
2023-12-22,5.53156962542517
2023-12-26,5.54755736549908
2023-12-27,5.56620482100994
2023-12-28,5.53410066927978
2023-12-29,5.51536234220599
2024-01-02,5.51512085474524
2024-01-03,5.47415963194592
2024-01-04,5.47197648198025
2024-01-05,5.47012554045517
2024-01-08,5.48251215503181
2024-01-09,5.45941531546487
2024-01-10,5.4550646826586
2024-01-11,5.4259187165141
2024-01-12,5.38856931773667
2024-01-16,5.39321838839552
2024-01-17,5.37319291535115
2024-01-18,5.3560200997215
2024-01-19,5.35748211122176
2024-01-22,5.34137687062418
2024-01-23,5.34300388125205
2024-01-24,5.33672044664133
2024-01-25,5.20746227494004
2024-01-26,5.21085134076676
2024-01-29,5.25190683036462
2024-01-30,5.2553576529936
2024-01-31,5.23265818189432
2024-02-01,5.24100600306669
2024-02-02,5.23596314428969
2024-02-05,5.19882845456333
2024-02-06,5.22089625255361
2024-02-07,5.23420543084225
2024-02-08,5.24470558422006
2024-02-09,5.26563924199503
2024-02-12,5.2371332391775
2024-02-13,5.21504447057159
2024-02-14,5.2402114807187
2024-02-15,5.30056482386398
2024-02-16,5.29806732003022
2024-02-20,5.26662025145443
2024-02-21,5.27181939717774
2024-02-22,5.28528280282835
2024-02-23,5.2573391161783
2024-02-26,5.29531282691833
2024-02-27,5.2969664330859
2024-02-28,5.30846566436947
2024-02-29,5.30767348565877
2024-03-01,5.31143100268142
2024-03-04,5.23718636329967
2024-03-05,5.19705956486644
2024-03-06,5.1735474415618
2024-03-07,5.18542855030476
2024-03-08,5.16672692527468
2024-03-11,5.18049060396824
2024-03-12,5.17919589782409
2024-03-13,5.13273490054912
2024-03-14,5.09067800176979
2024-03-15,5.09724107804771
2024-03-18,5.15790523039031
2024-03-19,5.14353319549886
2024-03-20,5.16855032933668
2024-03-21,5.15225063279387
2024-03-22,5.14066892067755
2024-03-25,5.1511506041133
2024-03-26,5.17992788674188
2024-03-27,5.19201197035925
2024-03-28,5.16929006261926
2024-04-01,5.16604233420491
2024-04-02,5.11577581485385
2024-04-03,5.12622335890828
2024-04-04,5.14230662811089
2024-04-05,5.10533919255211
2024-04-08,5.1531759561792
2024-04-09,5.17547156415441
2024-04-10,5.1460981215889
2024-04-11,5.16249767836264
2024-04-12,5.14195592926493
2024-04-15,5.0843812695266
2024-04-16,5.05694620084438
2024-04-17,5.046324116873
2024-04-18,5.01016846965589
2024-04-19,4.9907726857532
2024-04-22,4.95617912978389
2024-04-23,4.97452435646032
2024-04-24,5.08839851267862
2024-04-25,5.13685665738334
2024-04-26,5.12568864183035
2024-04-29,5.26811587354157
2024-04-30,5.21101503148492
2024-05-01,5.19290132431066
2024-05-02,5.19301237438673
2024-05-03,5.1995462179223
2024-05-06,5.21905765583106
2024-05-07,5.18071555073744
2024-05-08,5.16318469954316
2024-05-09,5.14732005009446
2024-05-10,5.12675769964393
2024-05-13,5.14685473378924
2024-05-14,5.17925227657726
2024-05-15,5.15899785787035
2024-05-16,5.16387124904963
2024-05-17,5.17874526924032
2024-05-20,5.1645002013701
2024-05-21,5.22896732112233
2024-05-22,5.19356777873774
2024-05-23,5.15755996044893
2024-05-24,5.18872572056492
2024-05-28,5.17473630477668
2024-05-29,5.1715629720592
2024-05-30,5.18621189521204
2024-05-31,5.18223289780944
2024-06-03,5.17213032821343
2024-06-04,5.16347084822446
2024-06-05,5.16478597392351
2024-06-06,5.18144642853701
2024-06-07,5.17885790243779
2024-06-10,5.15784763514457
2024-06-11,5.13967329456695
2024-06-12,5.17778677204088
2024-06-13,5.20658578263833
2024-06-14,5.1818396976306
2024-06-17,5.23345880722454
2024-06-18,5.21959878513833
2024-06-20,5.20164129462084
2024-06-21,5.20954076614154
2024-06-24,5.20718844316572
2024-06-25,5.23297855781784
2024-06-26,5.28000060989677
2024-06-27,5.28533342971482
2024-06-28,5.28766081103513
2024-07-01,5.34644064463814
2024-07-02,5.44354259494762
2024-07-03,5.50691564394303
2024-07-05,5.52752252622741
2024-07-08,5.53315231610395
2024-07-09,5.56960320200184
2024-07-10,5.57314217409224
2024-07-11,5.48492140200677
2024-07-12,5.5143557185205
2024-07-15,5.53196554809144
2024-07-16,5.54736254586897
2024-07-17,5.51544284553668
2024-07-18,5.51837614775768
2024-07-19,5.47730000931829
2024-07-22,5.52748272834
2024-07-23,5.50687507935204
2024-07-24,5.37523213574865
2024-07-25,5.39476326481629
2024-07-26,5.39271805585377
2024-07-29,5.44716833957732
2024-07-30,5.40546626013169
2024-07-31,5.44703908185505
2024-08-01,5.37925198685853
2024-08-02,5.33595027253775
2024-08-05,5.29270165231395
2024-08-06,5.30151225440253
2024-08-07,5.25624456148009
2024-08-08,5.29250046280911
2024-08-09,5.29831736654804
2024-08-12,5.28568797796279
2024-08-13,5.33672044664133
2024-08-14,5.30519369473423
2024-08-15,5.36663000387988
2024-08-16,5.37583378638281
2024-08-19,5.40591538262694
2024-08-20,5.39861511546863
2024-08-21,5.40838182054619
2024-08-22,5.35024547679237
2024-08-23,5.39508106822389
2024-08-26,5.36227762699637
2024-08-27,5.34333856428708
2024-08-28,5.32666183955718
2024-08-29,5.32923446326506
2024-08-30,5.36648990450173
2024-09-03,5.34996062868143
2024-09-04,5.39094214234457
2024-09-05,5.43881815838037
2024-09-06,5.35057767293455
2024-09-09,5.37652764683981
2024-09-10,5.4212869207958
2024-09-11,5.42991566330842
2024-09-12,5.43725286994523
2024-09-13,5.43933935510596
2024-09-16,5.42398037916093
2024-09-17,5.42877526947595
2024-09-18,5.42583067341496
2024-09-19,5.49684029517321
2024-09-20,5.47332054253431
2024-09-23,5.52146091786225
2024-09-24,5.5383967113713
2024-09-25,5.54915386013396
2024-09-26,5.53820003866828
2024-09-27,5.56244926573252
2024-09-30,5.56693131057005
2024-10-01,5.55303705871762
2024-10-02,5.51753323168137
2024-10-03,5.48338516422696
2024-10-04,5.52178087399504
2024-10-07,5.48409129799534
2024-10-08,5.49921530891493
2024-10-09,5.4850043935119
2024-10-10,5.47550076337949
2024-10-11,5.3835772245106
2024-10-14,5.38980207337997
2024-10-15,5.39167112163835
2024-10-16,5.39965480872692
2024-10-17,5.39766483728559
2024-10-18,5.39680429943506
2024-10-21,5.38838659152594
2024-10-22,5.38435744424075
2024-10-23,5.36433913352221
2024-10-24,5.56252612499142
2024-10-25,5.59541745904753
2024-10-28,5.57028921374513
2024-10-29,5.55883372859379
2024-10-30,5.55121382861485
2024-10-31,5.52086076221893
2024-11-01,5.51737255479378
2024-11-04,5.4924027751819
2024-11-05,5.52720440219901
2024-11-06,5.66479906244639
2024-11-07,5.69342907491078
2024-11-08,5.77212625043496
2024-11-11,5.85793315448346
2024-11-12,5.79450636633218
2024-11-13,5.79981963328185
2024-11-14,5.7403714993499
2024-11-15,5.77056847214038
2024-11-18,5.82523282263371
2024-11-19,5.84643877505772
2024-11-20,5.83489844894474
2024-11-21,5.82788627626047
2024-11-22,5.86522081360894
2024-11-25,5.82478992507444
2024-11-26,5.8237261699206
2024-11-27,5.80781214908287
2024-11-29,5.84400808824999
2024-12-02,5.87798784059247
2024-12-03,5.86198212753968
2024-12-04,5.8803374160931
2024-12-05,5.91212364999256
2024-12-06,5.9641447395893
2024-12-09,5.96560815448461
2024-12-10,5.99393646498597
2024-12-11,6.05154782010081
2024-12-12,6.03572065296074
2024-12-13,6.07816965237822
2024-12-16,6.13777022597002
2024-12-17,6.17349436416579
2024-12-18,6.08707014891368
2024-12-19,6.07803210639699
2024-12-20,6.04277533554417
2024-12-23,6.06517959910471
2024-12-24,6.13617076546663
2024-12-26,6.11838351141719
2024-12-27,6.06763824981461
2024-12-30,6.03406896096374
